{
  "prusti-tests/tests/verify/pass/rosetta/Knuth_shuffle.rs": [
    2.801632871000038,
    0.3568945109999504,
    0.357156914999905,
    0.35781812200002605,
    0.35554739599990626,
    0.3611142600000221,
    0.3639756929999294,
    0.3575344180000002,
    0.3546856669998988,
    0.3538976569999477
  ],
  "prusti-tests/tests/verify/pass/demos/account.rs": [
    2.3153232769999477,
    0.13535983700000997,
    0.13077198799999223,
    0.13190510000003997,
    0.1323945049999793,
    0.1308926890000066,
    0.13143229499996778,
    0.13189660000000458,
    0.13359241800003474,
    0.1326002079999853
  ],
  "prusti-tests/tests/verify/pass/rosetta/Knights_tour.rs": [
    92.45670577200008,
    2.58374546999994,
    2.582265952999933,
    2.5816366460001063,
    2.574618151999857,
    2.5755379619999985,
    2.5733818380001594,
    2.5806897479999407,
    2.5835346829999253,
    2.5876632310000787
  ],
  "prusti-tests/tests/verify/pass/quick/fold-unfold.rs": [
    1.2744776290001028,
    0.10106185899985576,
    0.100567854000019,
    0.10088695700005701,
    0.10220197200010261,
    0.10079305700014629,
    0.10091615699980139,
    0.09956164200002604,
    0.10109216000000742,
    0.10110555999995086
  ],
  "prusti-tests/tests/verify/pass/quick/moves.rs": [
    1.4996903039998415,
    0.09982734499999424,
    0.09815442600006463,
    0.09698761300001024,
    0.09695521200001167,
    0.09509499100022367,
    0.09668090900004245,
    0.0973403169998619,
    0.09642030600002727,
    0.09580259900008059
  ],
  "prusti-tests/tests/verify/pass/quick/mut-borrows.rs": [
    3.0123868569999104,
    0.16322697299983702,
    0.1639486809999653,
    0.16371777800009113,
    0.16395018100001835,
    0.1653907980000895,
    0.16349887599994872,
    0.1641164850000223,
    0.16353497800014338,
    0.16353037699991546
  ],
  "prusti-tests/tests/verify/pass/quick/shared-borrows.rs": [
    1.918351027999961,
    0.10081085699994219,
    0.09577620000004572,
    0.09501139100007094,
    0.09477318799986278,
    0.09844803100008903,
    0.09592910099991059,
    0.09705691499993918,
    0.09644840700002533,
    0.09702791399990929
  ],
  "prusti-tests/tests/verify/pass/quick/trait-contracts-refinement.rs": [
    1.7713391409999986,
    0.14016540900001928,
    0.14062191500011068,
    0.139468301000079,
    0.1413447229999747,
    0.14152042499995332,
    0.14141492399994604,
    0.14162232600006064,
    0.14140592400008245,
    0.14017350999984046
  ],
  "prusti-tests/tests/verify/pass/quick/routes.rs": [
    5.468029111000078,
    0.35648409500004163,
    0.35872942199989666,
    0.3555841849999979,
    0.357458306999888,
    0.3551475809999829,
    0.3535467609999614,
    0.35535758300011366,
    0.3551671800000804,
    0.35737290599990956
  ],
  "prusti-tests/tests/verify/pass/quick/fibonacci.rs": [
    0.392011304000107,
    0.38882006700009697,
    0.38782695500003683,
    0.38101057700009733,
    0.3773986349999632,
    0.379816763000008,
    0.37847854699998607,
    0.3864014389998829,
    0.3812487789998613,
    0.37593271800005823
  ],
  "prusti-tests/tests/verify/pass/pure-fn/len-lookup.rs": [
    3.77161762500009,
    0.21750129799988827,
    0.2163209850000385,
    0.21755669899994245,
    0.21723059500004638,
    0.21794050300013623,
    0.21633148499995514,
    0.21848861199987368,
    0.21926342200004,
    0.21733189899987337
  ],
  "prusti-tests/tests/verify/pass/pure-fn/quantifiers.rs": [
    2.2703409109999484,
    0.1944759369998792,
    0.19110379799985822,
    0.19259381500000927,
    0.19229751100010617,
    0.1982407800001056,
    0.19219491099988772,
    0.19092589599995335,
    0.1920307089999369,
    0.19169560499994986
  ],
  "prusti-tests/tests/verify/pass/pure-fn/recursive-pure-fn.rs": [
    1.9960083559999475,
    0.1533945640001093,
    0.15181974600000103,
    0.15565888999981325,
    0.1545852780000132,
    0.1539227700000083,
    0.15342046499995377,
    0.1512341390000529,
    0.15072253400012414,
    0.15357296599995607
  ],
  "prusti-tests/tests/verify/pass/pure-fn/ref-mut-arg.rs": [
    3.05688553899995,
    0.19383622800000921,
    0.1935915249998743,
    0.19572964999997566,
    0.19428783299986208,
    0.19300621900015358,
    0.19323352100013835,
    0.19324382100012372,
    0.1936994269999559,
    0.193416223000213
  ],
  "prusti-tests/tests/verify/pass/rosetta/Ackermann_function.rs": [
    1.9512946300001204,
    0.23293967799986603,
    0.23367908599993825,
    0.2341058909998992,
    0.2342589920001501,
    0.23553350800011685,
    0.2349391000000196,
    0.2352315020000333,
    0.23405238899999858,
    0.23483889699991778
  ],
  "prusti-tests/tests/verify/pass/rosetta/Heapsort.rs": [
    10.382411577999846,
    1.0779424859999835,
    1.0770672759999798,
    1.067218462000028,
    1.071218207999891,
    1.0683089750000363,
    1.0721689179999885,
    1.0749063509999814,
    1.0756010579998474,
    1.0772781769999256
  ]
}