{
  "prusti-tests/tests/verify/pass/rosetta/Knuth_shuffle.rs": [
    3.113818089000006,
    0.3789109470001222,
    0.38021055100011836,
    0.37556257899996126,
    0.37357682099991507,
    0.3749936340000204,
    0.3775122360000296,
    0.3761945300000207,
    0.37428807800006325,
    0.37489422599992395
  ],
  "prusti-tests/tests/verify/pass/demos/account.rs": [
    2.6508780080000633,
    0.1476802879999468,
    0.14710416000002624,
    0.14717146900011358,
    0.14771821199997248,
    0.15174363400001312,
    0.1465195160001258,
    0.1493217409999943,
    0.14819925100005094,
    0.14907602100015538
  ],
  "prusti-tests/tests/verify/pass/rosetta/Knights_tour.rs": [
    115.55326136999997,
    2.609474020999869,
    2.606022868000082,
    2.6095599529999163,
    2.842526282000108,
    2.6191146650000974,
    2.779300080999974,
    2.7500936589999583,
    2.6159481649999634,
    2.6089815989998897
  ],
  "prusti-tests/tests/verify/pass/quick/fold-unfold.rs": [
    1.5204841019999549,
    0.11269557600007829,
    0.11271507700007533,
    0.11244475599983161,
    0.11444331500001681,
    0.11146917899986875,
    0.11338393100004396,
    0.11349773999995705,
    0.113637750999942,
    0.11265087299989318
  ],
  "prusti-tests/tests/verify/pass/quick/moves.rs": [
    1.8082150480001928,
    0.10850373400012359,
    0.10933789899991098,
    0.11080061599977853,
    0.11124735199996394,
    0.1103679809998539,
    0.11280267600000116,
    0.11162988199998836,
    0.11276497299991206,
    0.10809640100001161
  ],
  "prusti-tests/tests/verify/pass/quick/mut-borrows.rs": [
    3.566507582999975,
    0.17511833399998977,
    0.1749613209999552,
    0.17222640399995726,
    0.1751486370001203,
    0.17882742900019366,
    0.17794495900011498,
    0.18187627200018142,
    0.1801205320000463,
    0.17614491500012264
  ],
  "prusti-tests/tests/verify/pass/quick/shared-borrows.rs": [
    2.2152253209999344,
    0.1051131610001903,
    0.10665268299999298,
    0.10704461400018772,
    0.10717242400005489,
    0.10477403400000185,
    0.10800119000009545,
    0.10643226499996672,
    0.10673358899998675,
    0.1078274760000113
  ],
  "prusti-tests/tests/verify/pass/quick/trait-contracts-refinement.rs": [
    1.922599615999843,
    0.15750202700019145,
    0.15457579500002794,
    0.15368862400009675,
    0.15690898000002562,
    0.15489341900001818,
    0.15381013299997903,
    0.15321908600003553,
    0.15654005099986534,
    0.1545902959999239
  ],
  "prusti-tests/tests/verify/pass/quick/routes.rs": [
    6.205908015000205,
    0.385131974999922,
    0.3854400989998794,
    0.38543749899986324,
    0.38481394900009036,
    0.38848414199992476,
    0.3873308499998984,
    0.38519387899987123,
    0.38984644999982265,
    0.39015007500006504
  ],
  "prusti-tests/tests/verify/pass/quick/fibonacci.rs": [
    0.405984836000016,
    0.40804799500006084,
    0.4070474759998888,
    0.4152338270000655,
    0.4125935170000048,
    0.45833445500011294,
    0.4094314659998872,
    0.417511807999972,
    0.40486800200005746,
    0.4062054089999947
  ],
  "prusti-tests/tests/verify/pass/pure-fn/len-lookup.rs": [
    4.312858338000069,
    0.2460887739998725,
    0.24099480899985792,
    0.24493243999995684,
    0.24130295099985233,
    0.24666287800005193,
    0.24236673499990502,
    0.24022606499988797,
    0.23943650199998956,
    0.24260885500007134
  ],
  "prusti-tests/tests/verify/pass/pure-fn/quantifiers.rs": [
    2.5947085000000243,
    0.22106523599995853,
    0.213209309000149,
    0.20991774699996313,
    0.21236034200001086,
    0.21378455600006419,
    0.21502235399998426,
    0.21383725900000172,
    0.21388856399994438,
    0.21369564900010118
  ],
  "prusti-tests/tests/verify/pass/pure-fn/recursive-pure-fn.rs": [
    2.2866299830000116,
    0.17938617400000112,
    0.16720060400007242,
    0.16617192199987585,
    0.16324848900012512,
    0.16258923699979277,
    0.1658611979999023,
    0.165257949999841,
    0.1649997289998737,
    0.1660802149999654
  ],
  "prusti-tests/tests/verify/pass/pure-fn/ref-mut-arg.rs": [
    3.3803419700000177,
    0.203365882000071,
    0.20560055900000407,
    0.2052537320000738,
    0.20423955199999,
    0.20563176099994962,
    0.2195439689999148,
    0.2085863969998627,
    0.20569066699999894,
    0.2065098319999379
  ],
  "prusti-tests/tests/verify/pass/rosetta/Ackermann_function.rs": [
    2.271400459000006,
    0.24701245899996138,
    0.24609098499990978,
    0.24600237800018476,
    0.24711136599989914,
    0.24531402399998115,
    0.24506320299997242,
    0.24820535300000302,
    0.24507500400000026,
    0.2461627899999712
  ],
  "prusti-tests/tests/verify/pass/rosetta/Heapsort.rs": [
    11.432242691000056,
    1.1084748430000673,
    1.0993274530001145,
    1.101894456999844,
    1.1006305559999419,
    1.0980558520000159,
    1.1027312230000916,
    1.1161896940000133,
    1.1183548079998218,
    1.106880295999872
  ]
}