{
  "prusti-tests/tests/verify/pass/rosetta/Knuth_shuffle.rs": [
    2.627516086000014,
    0.3173237229999586,
    0.32061105599996154,
    0.3180945350000002,
    0.32010096399994836,
    0.31469370900003923,
    0.31820104500002344,
    0.3206588699999884,
    0.3169407320000346,
    0.31651362799993876
  ],
  "prusti-tests/tests/verify/pass/demos/account.rs": [
    2.1356472799999437,
    0.12307575500005896,
    0.12621738699999696,
    0.12693409399992106,
    0.12522097700002632,
    0.12593808400004036,
    0.12491787399994791,
    0.12746579899999233,
    0.12712589700004173,
    0.12540437899997414
  ],
  "prusti-tests/tests/verify/pass/rosetta/Knights_tour.rs": [
    97.52801926500001,
    2.169515560000036,
    2.1725396529999443,
    2.1700766280000607,
    2.1726339539999344,
    2.167362275000073,
    2.1712233729999753,
    2.171483975000001,
    2.173229730999992,
    2.1650955280000517
  ],
  "prusti-tests/tests/verify/pass/quick/fold-unfold.rs": [
    1.216833360999999,
    0.09764121599994269,
    0.09582289700006186,
    0.0960916989999987,
    0.09682760800001233,
    0.09696540799996001,
    0.096720606999952,
    0.09508929000003263,
    0.09596139800009951,
    0.09536999199997354
  ],
  "prusti-tests/tests/verify/pass/quick/moves.rs": [
    1.431482595000034,
    0.09185885500005497,
    0.09161325299999135,
    0.09138755100002527,
    0.09189745599996968,
    0.09085674499999641,
    0.09009523699990041,
    0.09059554300006312,
    0.09171565400004056,
    0.09181505499998366
  ],
  "prusti-tests/tests/verify/pass/quick/mut-borrows.rs": [
    2.864321450000034,
    0.14893003300005603,
    0.14859763000004023,
    0.1486911310000778,
    0.14588510199996563,
    0.14992194299998118,
    0.1502532469999096,
    0.15031744700002037,
    0.14755721899996388,
    0.14936753700010286
  ],
  "prusti-tests/tests/verify/pass/quick/shared-borrows.rs": [
    1.790286630999958,
    0.08970802300007108,
    0.09038383100005376,
    0.0911952389999442,
    0.08988832500006083,
    0.08931222000001071,
    0.08825630900003034,
    0.08990912499996284,
    0.08927141900005608,
    0.09066963299994768
  ],
  "prusti-tests/tests/verify/pass/quick/trait-contracts-refinement.rs": [
    1.5565685249999888,
    0.1325370639999619,
    0.13300916900004722,
    0.13333237299991652,
    0.13241626299998188,
    0.13277766700002758,
    0.1321044599999368,
    0.13178025699994578,
    0.13193735899994863,
    0.13238330299998324
  ],
  "prusti-tests/tests/verify/pass/quick/routes.rs": [
    5.224314677000052,
    0.3289789689999907,
    0.3254638310000928,
    0.33136239500004194,
    0.3241608170000063,
    0.32401481499994134,
    0.3293757740000274,
    0.3253076290000081,
    0.32485412400001223,
    0.32330086699994354
  ],
  "prusti-tests/tests/verify/pass/quick/fibonacci.rs": [
    0.33963957200001005,
    0.33634763700001713,
    0.3400216750000027,
    0.3393059679999624,
    0.3380010550000634,
    0.3381876560000592,
    0.33513862500001323,
    0.336687141000084,
    0.3377075519999835,
    0.34153179000009004
  ],
  "prusti-tests/tests/verify/pass/pure-fn/len-lookup.rs": [
    3.5387085690000504,
    0.20269287199994324,
    0.20178426300003593,
    0.20560250200003338,
    0.20381608299999243,
    0.20561899799997718,
    0.20482688899994628,
    0.20470158800003446,
    0.20377327799997147,
    0.20687871000006908
  ],
  "prusti-tests/tests/verify/pass/pure-fn/quantifiers.rs": [
    2.187355012000012,
    0.1855263920000425,
    0.18258326299996952,
    0.1859482959999923,
    0.1797659339999882,
    0.17951313199989727,
    0.17923452899992753,
    0.1799560360000214,
    0.1801079370000025,
    0.18059314200002063
  ],
  "prusti-tests/tests/verify/pass/pure-fn/recursive-pure-fn.rs": [
    1.8737945139999965,
    0.1402785310000354,
    0.1403550320000022,
    0.13980072599997584,
    0.1393952220000756,
    0.13986042700003054,
    0.13868471499995394,
    0.14052863300003082,
    0.1394395219999751,
    0.13971842500006915
  ],
  "prusti-tests/tests/verify/pass/pure-fn/ref-mut-arg.rs": [
    2.823403925999969,
    0.17440447500007394,
    0.17266475700000683,
    0.17330776300002526,
    0.1729576589999624,
    0.17257205600003545,
    0.1744608750000225,
    0.17390136899996378,
    0.1722624530000303,
    0.17318116200010536
  ],
  "prusti-tests/tests/verify/pass/rosetta/Ackermann_function.rs": [
    1.8439822600000753,
    0.2098517350000293,
    0.20821581799998512,
    0.20799351599998772,
    0.2071635069999047,
    0.209221427999978,
    0.21029514000008476,
    0.20888812500004406,
    0.20894492499996886,
    0.20876822399998218
  ],
  "prusti-tests/tests/verify/pass/rosetta/Heapsort.rs": [
    9.616745189000085,
    0.9275603129999581,
    0.9250232870000445,
    0.9266075030000138,
    0.9292861299999231,
    0.9248800850000407,
    0.9242971789999501,
    0.9281387190000032,
    0.9231717759998901,
    0.9274983190000512
  ]
}