{
  "prusti-tests/tests/verify/pass/rosetta/Knuth_shuffle.rs": [
    2.070528502000002,
    2.0192483060000086,
    1.8733222390000037,
    1.8592014810000137,
    1.8858833689999983,
    1.8332892670000547,
    1.8026089100000036,
    1.8404558040000438,
    1.8527050280000594,
    1.7550509399999328
  ],
  "prusti-tests/tests/verify/pass/demos/account.rs": [
    1.7241833749999387,
    1.727551237000057,
    1.7132028739999896,
    1.7238587690000031,
    1.6743385510000053,
    1.707481856999948,
    1.6957142410000188,
    1.670730883000033,
    1.670265975999996,
    1.693258506999996
  ],
  "prusti-tests/tests/verify/pass/rosetta/Knights_tour.rs": [
    96.99629156100002,
    95.99114127299993,
    100.06033581200006,
    99.11860116399998,
    100.28024467500018,
    101.2627160940001,
    94.65029365800001,
    97.12444872700007,
    96.42567155099982,
    95.25816462999978
  ],
  "prusti-tests/tests/verify/pass/quick/fold-unfold.rs": [
    1.0814036029998988,
    1.0647931989999506,
    1.0681158600000344,
    1.0676277509999181,
    1.0746867800000928,
    1.0665591219999442,
    1.0678363229999377,
    1.064494563000153,
    1.0814649730000383,
    1.0652285759999813
  ],
  "prusti-tests/tests/verify/pass/quick/moves.rs": [
    1.296137397000166,
    1.2897199799999726,
    1.2940746720000789,
    1.2874252700000852,
    1.28807658300002,
    1.2972140489998765,
    1.2833073950000653,
    1.292601164999951,
    1.299344180999924,
    1.2891904529999465
  ],
  "prusti-tests/tests/verify/pass/quick/mut-borrows.rs": [
    2.5612588930000584,
    2.5775850909999463,
    2.5560680700000376,
    2.556202239999948,
    2.5745112740000877,
    2.5664516130000266,
    2.5462448170001153,
    2.5454020009999567,
    2.552648938999937,
    2.5612279169999965
  ],
  "prusti-tests/tests/verify/pass/quick/shared-borrows.rs": [
    1.6381310799999937,
    1.6113243909999255,
    1.6263506650000181,
    1.6192003730000124,
    1.6220422220001183,
    1.6163676190001297,
    1.6073437550001017,
    1.6248137610000413,
    1.6098316600000544,
    1.615253753999923
  ],
  "prusti-tests/tests/verify/pass/quick/trait-contracts-refinement.rs": [
    1.3921379920000163,
    1.4150542889999542,
    1.377615540999841,
    1.3616010010000537,
    1.3551869709999664,
    1.3724355480001122,
    1.3598514450000039,
    1.3567724970000654,
    1.3643331390001094,
    1.3608171569999286
  ],
  "prusti-tests/tests/verify/pass/quick/routes.rs": [
    4.373791505000099,
    4.298364837000008,
    4.10722753899995,
    4.200873215000001,
    4.042791603000069,
    4.103844628999923,
    4.150960678000047,
    4.050620498999933,
    4.139684536999994,
    4.066901979000022
  ],
  "prusti-tests/tests/verify/pass/quick/fibonacci.rs": [
    5.214328577999822,
    5.188517267000179,
    5.268866821000074,
    5.228061132999983,
    5.196941057000004,
    5.211689703999809,
    5.191365256999916,
    5.248470388999976,
    5.198909105999974,
    5.227820837000081
  ],
  "prusti-tests/tests/verify/pass/pure-fn/len-lookup.rs": [
    2.9961147220001294,
    3.0200324969998746,
    3.105377053999973,
    3.160516273999974,
    3.1308076819998405,
    3.180297385999893,
    3.1582462139999734,
    3.1633376059999136,
    3.1543781650000255,
    3.158875538999837
  ],
  "prusti-tests/tests/verify/pass/pure-fn/quantifiers.rs": [
    1.9425692920001438,
    2.0231613669998296,
    1.9577047960001437,
    1.953334317999861,
    1.9485566319999634,
    1.9558071699998436,
    1.9526801869999417,
    1.9395716999999877,
    1.9097328710001875,
    1.946793482999965
  ],
  "prusti-tests/tests/verify/pass/pure-fn/recursive-pure-fn.rs": [
    1.7365839980000146,
    1.6501877110001715,
    1.6631792650000534,
    1.6521182499998304,
    1.6334858200000326,
    1.6710160929999347,
    1.64168993699991,
    1.6208859420000863,
    1.647355824999977,
    1.6400690970001506
  ],
  "prusti-tests/tests/verify/pass/pure-fn/ref-mut-arg.rs": [
    2.52181369799996,
    2.4341283180001483,
    2.512770188000104,
    2.5336774560000777,
    2.5454034700001102,
    2.639719982000088,
    2.556007778000094,
    2.615029166999875,
    2.575703663000013,
    2.5737645429999247
  ],
  "prusti-tests/tests/verify/pass/rosetta/Ackermann_function.rs": [
    1.7428606369999216,
    1.7306545070000539,
    1.7215832399999726,
    1.7180029080000168,
    1.7307394419999582,
    1.7312842510000337,
    1.68492430099991,
    1.7234047600002214,
    1.7216429009999956,
    1.7030961559999014
  ],
  "prusti-tests/tests/verify/pass/rosetta/Heapsort.rs": [
    8.988925751999886,
    9.442585992999966,
    8.99991830199997,
    8.685423250999975,
    8.789534334000109,
    8.709986575999892,
    8.915101907000007,
    8.740064036999911,
    8.321092422999982,
    8.529580985000166
  ]
}