{
  "prusti-tests/tests/verify/pass/rosetta/Knuth_shuffle.rs": [
    3.087972787999888,
    0.39335616499988646,
    0.3653334680000171,
    0.3666116869999314,
    0.39628880699979163,
    0.4094638929998382,
    0.3918148799998562,
    0.401913709000155,
    0.39666113899988886,
    0.4041499400000248
  ],
  "prusti-tests/tests/verify/pass/demos/account.rs": [
    2.5112018960001024,
    0.18069903199989312,
    0.17064229699985844,
    0.1615495749999809,
    0.1613803719999396,
    0.15966284799992536,
    0.15501678600003288,
    0.1557652959997995,
    0.15995355199993355,
    0.15637730499997815
  ],
  "prusti-tests/tests/verify/pass/rosetta/Knights_tour.rs": [
    102.40930605200015,
    2.4517656750001606,
    2.687456404999921,
    2.6849898640000447,
    2.659199999000066,
    2.6859150760001285,
    2.6963274219999676,
    2.4033737810000275,
    2.6892257219999465,
    2.7264589480000723
  ],
  "prusti-tests/tests/verify/pass/quick/fold-unfold.rs": [
    1.4072441969999545,
    0.12450246100002005,
    0.12171892099991055,
    0.12431645800006663,
    0.12560067599997637,
    0.1348556059999737,
    0.12606468200010568,
    0.12551507500006664,
    0.12388265199979287,
    0.12452015999997457
  ],
  "prusti-tests/tests/verify/pass/quick/moves.rs": [
    1.6889003789999606,
    0.11833017300000392,
    0.11713115599991397,
    0.12019089799991889,
    0.12728059799997027,
    0.12124261299982209,
    0.1221935260000464,
    0.12084340700016583,
    0.12066130499988503,
    0.12097260900009132
  ],
  "prusti-tests/tests/verify/pass/quick/mut-borrows.rs": [
    3.3576394340000206,
    0.19720898599985048,
    0.17504797300011887,
    0.18425260300000446,
    0.17345115000011901,
    0.18298878499990678,
    0.18663223700013987,
    0.18576522399985151,
    0.190077785000085,
    0.185021013000096
  ],
  "prusti-tests/tests/verify/pass/quick/shared-borrows.rs": [
    2.091578848000154,
    0.11532982899984745,
    0.11371370799997749,
    0.11495982600013122,
    0.11603753999997934,
    0.11561233399993398,
    0.11314640000000509,
    0.1187204779998865,
    0.11049416199989537,
    0.11028615999998692
  ],
  "prusti-tests/tests/verify/pass/quick/trait-contracts-refinement.rs": [
    1.9484733479998795,
    0.15366687300002013,
    0.1589141459999155,
    0.17113472000005459,
    0.15040402700014965,
    0.15935475300011603,
    0.1660710480000489,
    0.15518279499997334,
    0.16570624299993142,
    0.16755996899996717
  ],
  "prusti-tests/tests/verify/pass/quick/routes.rs": [
    5.9987877930000195,
    0.38891509499990207,
    0.38417242800005624,
    0.38166379299991604,
    0.38321471499989457,
    0.3963340010000138,
    0.3991755409999769,
    0.400092554000139,
    0.38947830400002204,
    0.3904793179999615
  ],
  "prusti-tests/tests/verify/pass/quick/fibonacci.rs": [
    0.41966843000000154,
    0.43150959799982047,
    0.4143788549999954,
    0.41983843299999535,
    0.4221781660000943,
    0.44769462899989776,
    0.42968337399997836,
    0.4203521419999561,
    0.42604042199991454,
    0.4349241479999364
  ],
  "prusti-tests/tests/verify/pass/pure-fn/len-lookup.rs": [
    4.198493051000014,
    0.2534499829998822,
    0.25997017500003494,
    0.25330578100010825,
    0.2583007510002062,
    0.26243600999987393,
    0.24970753000002333,
    0.25600861900011296,
    0.24794910500008882,
    0.2521717649999573
  ],
  "prusti-tests/tests/verify/pass/pure-fn/quantifiers.rs": [
    2.559854688999849,
    0.2289570369998728,
    0.22616139700016902,
    0.2220480400001179,
    0.22602099599998837,
    0.22371266299978743,
    0.21968910500004313,
    0.22584719299993594,
    0.22295845199982978,
    0.2384332709998489
  ],
  "prusti-tests/tests/verify/pass/pure-fn/recursive-pure-fn.rs": [
    2.2045944670001063,
    0.17795821499998965,
    0.19122520399992027,
    0.1814111649998722,
    0.18095605700000306,
    0.16800317299998824,
    0.1805559510000876,
    0.1810254580000219,
    0.18149476500002493,
    0.17908882999995512
  ],
  "prusti-tests/tests/verify/pass/pure-fn/ref-mut-arg.rs": [
    3.246906471999864,
    0.24298623300001054,
    0.22772521700017023,
    0.22568358800003807,
    0.22353965799993603,
    0.22302515100000164,
    0.22756641499995567,
    0.23148167099998318,
    0.22614109500000268,
    0.22679220400004851
  ],
  "prusti-tests/tests/verify/pass/rosetta/Ackermann_function.rs": [
    2.2135315780001292,
    0.2699072170000818,
    0.2735227670000313,
    0.2516643579999709,
    0.23896877900006075,
    0.2661707639999804,
    0.26456694099988454,
    0.2618937019999521,
    0.263529225999946,
    0.26232220899987624
  ],
  "prusti-tests/tests/verify/pass/rosetta/Heapsort.rs": [
    11.379683690999855,
    1.1317106010001226,
    1.1527124029998959,
    1.1339791440000226,
    1.1318131140001242,
    1.1328727289999279,
    1.1347090550000303,
    1.126316235999866,
    1.1280513609999616,
    1.1716804800000773
  ]
}