{
  "prusti-tests/tests/verify/pass/rosetta/Knuth_shuffle.rs": [
    2.4000704989999804,
    2.1884674389999645,
    2.057544135999933,
    2.0376772450000544,
    1.9961542369999279,
    2.0162915710000107,
    1.9757485860000088,
    1.9129553579999765,
    1.91207634400007,
    1.8935084699999152
  ],
  "prusti-tests/tests/verify/pass/demos/account.rs": [
    1.8013386599999421,
    1.8129162280000628,
    1.8391129090000504,
    1.7828017880000289,
    1.7787971480000806,
    1.761188954999966,
    1.7687207669999907,
    1.8079431459999569,
    1.8119857049999837,
    1.7784694849999596
  ],
  "prusti-tests/tests/verify/pass/rosetta/Knights_tour.rs": [
    106.06129591299987,
    104.67801758099995,
    103.01349054899993,
    102.57113929999991,
    102.43188383699999,
    105.0569795639999,
    103.22754981100002,
    100.5295008359999,
    100.33047617400007,
    101.82137640699989
  ],
  "prusti-tests/tests/verify/pass/quick/fold-unfold.rs": [
    1.1893041460000404,
    1.199128637000058,
    1.1697380919999887,
    1.1673965579998367,
    1.1893422789999022,
    1.1703541009999299,
    1.1725118329998168,
    1.168051468000158,
    1.1806080920000568,
    1.1767564030001267
  ],
  "prusti-tests/tests/verify/pass/quick/moves.rs": [
    1.4232356640000035,
    1.4234165660000144,
    1.4273236230001203,
    1.4183470929999658,
    1.4208129159999316,
    1.4227144139999837,
    1.4144601960001637,
    1.4173025370000687,
    1.437570026000003,
    1.4192916750000677
  ],
  "prusti-tests/tests/verify/pass/quick/mut-borrows.rs": [
    2.798050129000103,
    2.811615823000011,
    2.821034567999959,
    2.806278983000084,
    2.8051559669997914,
    2.79596017699987,
    2.814087253999787,
    2.8177584069999284,
    2.843779480000194,
    2.802163587999985
  ],
  "prusti-tests/tests/verify/pass/quick/shared-borrows.rs": [
    1.7768708559997322,
    1.7785607800001344,
    1.7758513769999809,
    1.7936213289999614,
    1.7765580870000122,
    1.7760875799999667,
    1.785250657999768,
    1.7766006820002076,
    1.7744953520000308,
    1.7701561909998418
  ],
  "prusti-tests/tests/verify/pass/quick/trait-contracts-refinement.rs": [
    1.5347368540001298,
    1.5019151989999955,
    1.559040639000159,
    1.4838950670000486,
    1.4920487839999623,
    1.490459360999921,
    1.5011200050003026,
    1.493032483999741,
    1.4961682279999877,
    1.529550503000337
  ],
  "prusti-tests/tests/verify/pass/quick/routes.rs": [
    4.893525280999711,
    4.9689654889998565,
    4.541097908000211,
    4.591663650999635,
    4.505589249999957,
    4.548098371999913,
    4.538460070999918,
    4.45175682900026,
    4.602558080000108,
    4.497092540999802
  ],
  "prusti-tests/tests/verify/pass/quick/fibonacci.rs": [
    5.768790499999795,
    5.8478316890000315,
    5.758102614000109,
    5.80039079800008,
    5.778126436000093,
    5.8235174199999165,
    5.7260423299999275,
    5.7987299900000835,
    5.7627306260001205,
    5.827466290999837
  ],
  "prusti-tests/tests/verify/pass/pure-fn/len-lookup.rs": [
    3.3243408769999405,
    3.314500554999995,
    3.3602335100003984,
    3.3069293129997277,
    3.3080031210001835,
    3.3332476880000286,
    3.3330063829998835,
    3.3184606759996313,
    3.349348063999969,
    3.2974029199999677
  ],
  "prusti-tests/tests/verify/pass/pure-fn/quantifiers.rs": [
    2.046807331000309,
    2.07586026700028,
    2.0941810280000936,
    2.0824459609998485,
    2.0862123120000433,
    2.036081293999814,
    2.050496698999723,
    2.044842018000054,
    2.0498594380001123,
    2.051444719999836
  ],
  "prusti-tests/tests/verify/pass/pure-fn/recursive-pure-fn.rs": [
    1.8093600600000173,
    1.8021436570002152,
    1.805434790000163,
    1.7991907760001595,
    1.8387302289997933,
    1.8010062019998259,
    1.8499122859998351,
    1.8084450280002784,
    1.8092546390003008,
    1.8105364570001257
  ],
  "prusti-tests/tests/verify/pass/pure-fn/ref-mut-arg.rs": [
    2.790226549000181,
    2.826126076000037,
    2.69826194999996,
    2.718984746999922,
    2.7169092290000663,
    2.6822464329998184,
    2.755537789999835,
    2.7217433920000076,
    2.7459559399999307,
    2.7099703769999905
  ],
  "prusti-tests/tests/verify/pass/rosetta/Ackermann_function.rs": [
    1.811116745000163,
    1.800329290999798,
    1.7912856619996091,
    1.806459478999841,
    1.7938429569999244,
    1.79487578699991,
    1.8066355539999677,
    1.7909954309998284,
    1.8253875410000546,
    1.7971231730002728
  ],
  "prusti-tests/tests/verify/pass/rosetta/Heapsort.rs": [
    9.521579166000265,
    9.184328388999802,
    9.208665127999666,
    9.203619233000154,
    9.368854188000114,
    9.264730793000126,
    9.47365654100031,
    9.044969670999762,
    9.202460517999953,
    9.268852603000141
  ]
}