{
  "prusti-tests/tests/verify/pass/rosetta/Knuth_shuffle.rs": [
    2.5628102459999127,
    0.3639902180000263,
    0.3413869449999538,
    0.3418498370000407,
    0.3426645210000743,
    0.3426941210000223,
    0.3417813380000325,
    0.34411449399999583,
    0.34555056600004264,
    0.342141831000049
  ],
  "prusti-tests/tests/verify/pass/demos/account.rs": [
    2.097073712999986,
    0.1225878789999797,
    0.12210288900007527,
    0.12192739200008873,
    0.1223897830000169,
    0.12149929999998221,
    0.12118870599999809,
    0.12158669799998734,
    0.12237708299994665,
    0.121785994999982
  ],
  "prusti-tests/tests/verify/pass/rosetta/Knights_tour.rs": [
    88.63460063900004,
    2.509596601999988,
    2.498346632999983,
    2.5020255320000615,
    2.5017868369999405,
    2.5029303149999578,
    2.504464819000077,
    2.4996270909999794,
    2.503331622000019,
    2.496570510999959
  ],
  "prusti-tests/tests/verify/pass/quick/fold-unfold.rs": [
    1.1870968900000207,
    0.09177917499994237,
    0.09191217199997936,
    0.09051299899999776,
    0.09202456999992137,
    0.08991871000000629,
    0.09130538399995203,
    0.09132598299993333,
    0.09144818100003249,
    0.09105528899999626
  ],
  "prusti-tests/tests/verify/pass/quick/moves.rs": [
    1.4246593259999827,
    0.09231676499996411,
    0.0889185290000114,
    0.086500774000001,
    0.0870507639999687,
    0.08642017599993324,
    0.08613308199994663,
    0.08684876800009533,
    0.08716866200006734,
    0.08640367600003174
  ],
  "prusti-tests/tests/verify/pass/quick/mut-borrows.rs": [
    2.7953179529999943,
    0.15268812800002252,
    0.15354861100001926,
    0.1532710160000761,
    0.1538536059999842,
    0.15261452900006134,
    0.15297142299993993,
    0.15289362399994388,
    0.15236803299990243,
    0.15208263900001384
  ],
  "prusti-tests/tests/verify/pass/quick/shared-borrows.rs": [
    1.7329348999999183,
    0.08547089299997879,
    0.08616237899991575,
    0.08500930100001369,
    0.08653047200004949,
    0.0863256760000013,
    0.0857435869999108,
    0.08592998300002819,
    0.08573058699994363,
    0.08787824599994565
  ],
  "prusti-tests/tests/verify/pass/quick/trait-contracts-refinement.rs": [
    1.630541725999933,
    0.13216431300008935,
    0.13128632999996626,
    0.13132132999999158,
    0.13218491399993582,
    0.13163712400000804,
    0.13052244400000745,
    0.13170732200001112,
    0.13084013900004265,
    0.13260530599995946
  ],
  "prusti-tests/tests/verify/pass/quick/routes.rs": [
    5.008165362999989,
    0.33997008799997275,
    0.3421751459999314,
    0.34262873699992724,
    0.3426192369998944,
    0.34070607299997846,
    0.34202194800002417,
    0.3414393599999812,
    0.34283643399999164,
    0.34017548400004216
  ],
  "prusti-tests/tests/verify/pass/quick/fibonacci.rs": [
    0.36687707999999475,
    0.37098346699997364,
    0.36731015399993794,
    0.3672692550001102,
    0.3685292360000858,
    0.3695680220000668,
    0.3699359160000313,
    0.3670991569999842,
    0.36838353899997855,
    0.3697992160000467
  ],
  "prusti-tests/tests/verify/pass/pure-fn/len-lookup.rs": [
    3.4781431720000455,
    0.2109555069999942,
    0.21055561499997566,
    0.2095931329999985,
    0.21001202600007218,
    0.21045941700003823,
    0.21302606800009016,
    0.20936330800009273,
    0.21060297300005004,
    0.21057157299992468
  ],
  "prusti-tests/tests/verify/pass/pure-fn/quantifiers.rs": [
    2.165412888999981,
    0.18775371000003815,
    0.18361368900002617,
    0.18399278100002903,
    0.18377678500007733,
    0.18423507700003938,
    0.1832967949999329,
    0.1834628920000796,
    0.18300900099995943,
    0.18473966700003075
  ],
  "prusti-tests/tests/verify/pass/pure-fn/recursive-pure-fn.rs": [
    1.8167097570000124,
    0.149181346999967,
    0.14165389099991899,
    0.14118909999990592,
    0.14160539199997402,
    0.1405493119999619,
    0.14071710900009293,
    0.14118380000002162,
    0.14072290899991913,
    0.14211398199995529
  ],
  "prusti-tests/tests/verify/pass/pure-fn/ref-mut-arg.rs": [
    2.763546781999935,
    0.18692857799999274,
    0.18272715700004483,
    0.1833630449999646,
    0.18428972800006704,
    0.1842295290000493,
    0.18172407600002316,
    0.1820020709999426,
    0.1824680619999981,
    0.18276985699992565
  ],
  "prusti-tests/tests/verify/pass/rosetta/Ackermann_function.rs": [
    1.8213633820000723,
    0.22649763299989445,
    0.22612044000004516,
    0.22658623000006628,
    0.22576914600006148,
    0.22627523599999222,
    0.22676942699990832,
    0.22501625999996122,
    0.22615973799997846,
    0.22499016100005065
  ],
  "prusti-tests/tests/verify/pass/rosetta/Heapsort.rs": [
    9.816817162000007,
    1.0434173619999,
    1.0395461349999096,
    1.0371326810000028,
    1.0391404430000648,
    1.0359297039999547,
    1.0358404049999308,
    1.0361037970000098,
    1.0366935139999214,
    1.0380457879999767
  ]
}