{
  "prusti-tests/tests/verify/pass/rosetta/Knuth_shuffle.rs": [
    3.7266764380001405,
    0.4896722299999965,
    0.4522532130001764,
    0.47239923000006456,
    0.45965465600011157,
    0.4528380169999764,
    0.46326947599982304,
    0.45151592399997753,
    0.4549961430000167,
    0.4555707460001486
  ],
  "prusti-tests/tests/verify/pass/demos/account.rs": [
    2.97385822199999,
    0.16055349800012664,
    0.16742003600006683,
    0.1592286900001909,
    0.15615037299994583,
    0.16121570099994642,
    0.16333131299984416,
    0.1611981010000818,
    0.1593632910000906,
    0.15869708700006413
  ],
  "prusti-tests/tests/verify/pass/rosetta/Knights_tour.rs": [
    144.608397663,
    3.3906735260000005,
    3.4176358820000132,
    3.3537249649998557,
    3.355096264999929,
    3.378192014999968,
    3.3859574590001102,
    3.3943510100000367,
    3.3957207299999936,
    3.379996527000003
  ],
  "prusti-tests/tests/verify/pass/quick/fold-unfold.rs": [
    1.6397812499999418,
    0.12363817300001756,
    0.12344517199994698,
    0.12113695700008975,
    0.12084745500010285,
    0.12167416000011144,
    0.1217830610000874,
    0.12136295799996333,
    0.12839870299990253,
    0.12410917600004723
  ],
  "prusti-tests/tests/verify/pass/quick/moves.rs": [
    1.9419115349999174,
    0.11627449100001286,
    0.11561438700005056,
    0.11602408900012051,
    0.11543338599994968,
    0.11628539100001944,
    0.1191561069999807,
    0.11809260100017127,
    0.11737559699986377,
    0.11723149699992064
  ],
  "prusti-tests/tests/verify/pass/quick/mut-borrows.rs": [
    3.860851928000102,
    0.21306596499994157,
    0.198270477999813,
    0.1992913829999452,
    0.19596406300001945,
    0.19534356000008302,
    0.2002174889998969,
    0.19459065599994574,
    0.20009448899986637,
    0.20145589599997038
  ],
  "prusti-tests/tests/verify/pass/quick/shared-borrows.rs": [
    2.3140514260001055,
    0.1126127729999098,
    0.11246807199995601,
    0.1131604760000755,
    0.11930311300011454,
    0.12308373499990921,
    0.11720790000003944,
    0.11349217800011502,
    0.11087346200019965,
    0.11988141599999835
  ],
  "prusti-tests/tests/verify/pass/quick/trait-contracts-refinement.rs": [
    2.327476406999949,
    0.17842556599998716,
    0.17217022800014092,
    0.17457454300006248,
    0.17473364399984348,
    0.17918827100015733,
    0.1781558650000079,
    0.17806076400006532,
    0.17450804300005984,
    0.18411600000013095
  ],
  "prusti-tests/tests/verify/pass/quick/routes.rs": [
    7.2142352749999645,
    0.4392893990000175,
    0.461178339000071,
    0.43870289599999523,
    0.4464900809998653,
    0.4518875440001011,
    0.4398512660000051,
    0.4441310939998857,
    0.45560206899995137,
    0.446533909999971
  ],
  "prusti-tests/tests/verify/pass/quick/fibonacci.rs": [
    0.47419199000000845,
    0.4783412159999898,
    0.49321711300012794,
    0.49947945400003846,
    0.4688954550001654,
    0.49943735400006517,
    0.4845065560000421,
    0.4745131909999145,
    0.47832881599993016,
    0.48800197900004605
  ],
  "prusti-tests/tests/verify/pass/pure-fn/len-lookup.rs": [
    4.86204718099998,
    0.2763969330001146,
    0.2724589060001108,
    0.2775030410000454,
    0.2625600370001848,
    0.2697209870000279,
    0.2735072130001299,
    0.2675051710000389,
    0.26278433800007406,
    0.27082589399992685
  ],
  "prusti-tests/tests/verify/pass/pure-fn/quantifiers.rs": [
    3.085063567000134,
    0.25873670100008894,
    0.23637925399998494,
    0.23701095800015537,
    0.2483487330000571,
    0.2530015639999874,
    0.2529292629999418,
    0.2495112409999365,
    0.24364420199981396,
    0.24147958699995797
  ],
  "prusti-tests/tests/verify/pass/pure-fn/recursive-pure-fn.rs": [
    2.5324730499999077,
    0.1917128600000524,
    0.1868728279998777,
    0.1897585470001104,
    0.18526461800001925,
    0.1831269039998915,
    0.1858224220000011,
    0.19124855700010812,
    0.19418137599996044,
    0.19325665199994546
  ],
  "prusti-tests/tests/verify/pass/pure-fn/ref-mut-arg.rs": [
    3.866040713000075,
    0.2454794820000643,
    0.2448017770000206,
    0.24051495000003342,
    0.24787299800004803,
    0.24562778299991805,
    0.24736599400011983,
    0.24526228099989567,
    0.24338456899999983,
    0.24644738799997867
  ],
  "prusti-tests/tests/verify/pass/rosetta/Ackermann_function.rs": [
    2.5827846619999946,
    0.295047908000015,
    0.2907662809998328,
    0.3090585990000818,
    0.28742895900018084,
    0.29107708300011836,
    0.29558381200013173,
    0.291815687000053,
    0.29277659299987135,
    0.29303569499984405
  ],
  "prusti-tests/tests/verify/pass/rosetta/Heapsort.rs": [
    15.96326534700006,
    1.3757978880000792,
    1.4073916719999033,
    1.4336767239999517,
    1.3988547100000233,
    1.4179566420000356,
    1.4105356960001245,
    1.4285068089998276,
    1.436018256000125,
    1.3945507309999812
  ]
}