{
  "prusti-tests/tests/verify/pass/rosetta/Knuth_shuffle.rs": [
    2.6629013429999304,
    0.3607239140000047,
    0.35495607899997594,
    0.3539681729999984,
    0.3776534180000226,
    0.35513137899999947,
    0.37002787099993384,
    0.35111385499999415,
    0.35553978200005076,
    0.3586287009999296
  ],
  "prusti-tests/tests/verify/pass/demos/account.rs": [
    2.1893156370000497,
    0.13911505299995497,
    0.13262211400001434,
    0.1323119129999668,
    0.13249071300003834,
    0.13308501700009856,
    0.13456192599994665,
    0.13924085400003605,
    0.13314371700005267,
    0.14297147700006008
  ],
  "prusti-tests/tests/verify/pass/rosetta/Knights_tour.rs": [
    91.08545698900014,
    2.568030988999908,
    2.282490044000042,
    2.552275222000162,
    2.554579354999987,
    2.549736624999923,
    2.562312497999983,
    2.567415321999988,
    2.5600409769999715,
    2.5527239090001785
  ],
  "prusti-tests/tests/verify/pass/quick/fold-unfold.rs": [
    1.1960776920000171,
    0.10671114999991005,
    0.10400083400008953,
    0.10425613600000361,
    0.09813529899997775,
    0.09512228000016876,
    0.10156561999997393,
    0.10031451099985134,
    0.1003102110000782,
    0.10908906500003468
  ],
  "prusti-tests/tests/verify/pass/quick/moves.rs": [
    1.4766310020002038,
    0.099560006000047,
    0.09452247600006558,
    0.10111101600000438,
    0.10133101699989311,
    0.09768919599991932,
    0.09892500299997664,
    0.10040601200012134,
    0.10555844399982561,
    0.11025457300002017
  ],
  "prusti-tests/tests/verify/pass/quick/mut-borrows.rs": [
    2.932992357000103,
    0.1625178770000275,
    0.16176747300005445,
    0.1679246090000106,
    0.16987792100007937,
    0.17541675500001475,
    0.16793991000008646,
    0.17149313200002325,
    0.1628761790000226,
    0.16192557399995167
  ],
  "prusti-tests/tests/verify/pass/quick/shared-borrows.rs": [
    1.7012800299999071,
    0.08789852900008555,
    0.08931283699985215,
    0.09809778999988339,
    0.09241325599987249,
    0.09276075799994032,
    0.09248785599993425,
    0.09261185700006536,
    0.09105114699991645,
    0.09258075599996118
  ],
  "prusti-tests/tests/verify/pass/quick/trait-contracts-refinement.rs": [
    1.7371803450000698,
    0.14395826600002692,
    0.151331110000001,
    0.14493407199984176,
    0.1422694559998945,
    0.1485311940000429,
    0.13791172900005222,
    0.14712998400000288,
    0.15063730599990777,
    0.14412406699989333
  ],
  "prusti-tests/tests/verify/pass/quick/routes.rs": [
    5.365268045999983,
    0.3612356019998515,
    0.35370375599995896,
    0.35446496000008665,
    0.35852368499990916,
    0.32306296900014786,
    0.39347269700010656,
    0.3622363080000923,
    0.3588765869999406,
    0.3925240920000306
  ],
  "prusti-tests/tests/verify/pass/quick/fibonacci.rs": [
    0.3809567189998688,
    0.3993243300001268,
    0.42649839599994266,
    0.35082203499996467,
    0.3475986149999244,
    0.3419666810000308,
    0.3407268739999836,
    0.3774646979998124,
    0.3732935720001933,
    0.35668637100002343
  ],
  "prusti-tests/tests/verify/pass/pure-fn/len-lookup.rs": [
    3.62338654999985,
    0.2207649429999492,
    0.22015583999996124,
    0.21897163299991007,
    0.22879412800011778,
    0.2337381350000669,
    0.21897905100013304,
    0.20199575399988134,
    0.20148285100003704,
    0.1987447350002185
  ],
  "prusti-tests/tests/verify/pass/pure-fn/quantifiers.rs": [
    2.150944987999992,
    0.20192525299989939,
    0.20190465299992866,
    0.20284735900008855,
    0.1962225209999815,
    0.19466561299987006,
    0.19613792100017235,
    0.21700823999981367,
    0.1982444329998998,
    0.1962364210000942
  ],
  "prusti-tests/tests/verify/pass/pure-fn/recursive-pure-fn.rs": [
    1.9224740829999973,
    0.13819398999999066,
    0.14389622199996666,
    0.15318367499980923,
    0.15430008099997394,
    0.15893860799997128,
    0.1559156119999443,
    0.15540744599979917,
    0.15389683700004753,
    0.15902106800012916
  ],
  "prusti-tests/tests/verify/pass/pure-fn/ref-mut-arg.rs": [
    2.895758029000035,
    0.197567202999835,
    0.20033461999992142,
    0.20689026000013655,
    0.20189843000002838,
    0.23380192300010094,
    0.1951414879999902,
    0.1788528890001544,
    0.17989669500002492,
    0.19180926800004272
  ],
  "prusti-tests/tests/verify/pass/rosetta/Ackermann_function.rs": [
    1.9396580069999345,
    0.21878423199996178,
    0.2170013210002253,
    0.23544173300001603,
    0.2425612760000604,
    0.24663590099999055,
    0.24234627600003478,
    0.2380259510000542,
    0.23970406099988395,
    0.2425561770000968
  ],
  "prusti-tests/tests/verify/pass/rosetta/Heapsort.rs": [
    10.574024374999908,
    1.1160239250000359,
    1.0624897980001151,
    1.0631382020001183,
    1.1075961719998304,
    1.0617880780000633,
    1.0740529520001019,
    1.0628018840000095,
    1.0687067199999092,
    0.950154596999937
  ]
}