{
  "prusti-tests/tests/verify/pass/rosetta/Knuth_shuffle.rs": [
    3.2647611179999103,
    0.38844384200001514,
    0.4203772950000939,
    0.4101528779999626,
    0.415250087000004,
    0.40280886599998666,
    0.40226536500006205,
    0.4104309789998979,
    0.41839519200004816,
    0.42720690600003763
  ],
  "prusti-tests/tests/verify/pass/demos/account.rs": [
    2.6472977659999515,
    0.13838662400007706,
    0.14094144299997424,
    0.13660721000007925,
    0.147458990999894,
    0.1374345159999848,
    0.1382478230000288,
    0.1373608169999443,
    0.14467337000007774,
    0.1431068580000101
  ],
  "prusti-tests/tests/verify/pass/rosetta/Knights_tour.rs": [
    130.92323029599993,
    2.912103661999936,
    2.9279355369999394,
    2.897772855999847,
    2.883538748999854,
    3.0561653800000386,
    2.8786533979998694,
    2.8773825600001146,
    2.8556073069999,
    2.901809966000201
  ],
  "prusti-tests/tests/verify/pass/quick/fold-unfold.rs": [
    1.429208952999943,
    0.10639098199999353,
    0.1150956540000152,
    0.10936370699982945,
    0.10446726600002876,
    0.10705638699982956,
    0.11208133000013731,
    0.11109692200011523,
    0.11429084800010969,
    0.10979941100003998
  ],
  "prusti-tests/tests/verify/pass/quick/moves.rs": [
    1.7258924160000788,
    0.10297862400011581,
    0.10822576700002173,
    0.10297972500006836,
    0.09845508900002642,
    0.10045640500015907,
    0.11258150200001182,
    0.10270932299999913,
    0.10445703699997466,
    0.1029595249999602
  ],
  "prusti-tests/tests/verify/pass/quick/mut-borrows.rs": [
    3.3781595460000062,
    0.17296658500004014,
    0.16681203600001027,
    0.18323736699994697,
    0.17279808399985086,
    0.1697848599999361,
    0.17800662500008002,
    0.17166927399989618,
    0.17358478899996044,
    0.174130593999962
  ],
  "prusti-tests/tests/verify/pass/quick/shared-borrows.rs": [
    2.13317545100017,
    0.10720650400003251,
    0.10686300099996515,
    0.1075688060000175,
    0.10418628100001115,
    0.10603689499998836,
    0.10251616899995497,
    0.10366387799990662,
    0.09844823799994629,
    0.09904054300000098
  ],
  "prusti-tests/tests/verify/pass/quick/trait-contracts-refinement.rs": [
    1.97390600000017,
    0.15821718600000167,
    0.16597834499998498,
    0.15219574200000352,
    0.15304134799998792,
    0.14988922300017293,
    0.15882269099984114,
    0.15284554599998046,
    0.1489709170000424,
    0.15870439000013903
  ],
  "prusti-tests/tests/verify/pass/quick/routes.rs": [
    6.311792335000064,
    0.3882866550000017,
    0.397768226999915,
    0.3932755929999985,
    0.3985512330000347,
    0.3840379230000508,
    0.39575311199996577,
    0.38390062100006617,
    0.3840838230000827,
    0.3748330529999748
  ],
  "prusti-tests/tests/verify/pass/quick/fibonacci.rs": [
    0.40608889000009185,
    0.4102185220001502,
    0.4099871590001385,
    0.4387236039999607,
    0.4074949559999368,
    0.42874492500004635,
    0.44304914000008466,
    0.40200271200001225,
    0.4113461859999461,
    0.41531161800003247
  ],
  "prusti-tests/tests/verify/pass/pure-fn/len-lookup.rs": [
    4.417250687999967,
    0.25020709899990834,
    0.23736421200010227,
    0.23657259500009786,
    0.23860680999996475,
    0.2603665750000346,
    0.24522726099985448,
    0.23677679700017507,
    0.2362918929998159,
    0.241093329000023
  ],
  "prusti-tests/tests/verify/pass/pure-fn/quantifiers.rs": [
    2.5281512819999534,
    0.2075764749999962,
    0.20598216299981686,
    0.19916501100010464,
    0.19864490700001625,
    0.2134687190000477,
    0.197525098999904,
    0.20309044100008578,
    0.20228253499999482,
    0.19920841199996175
  ],
  "prusti-tests/tests/verify/pass/pure-fn/recursive-pure-fn.rs": [
    2.271647018000067,
    0.1568171540000094,
    0.15978797699995084,
    0.1521087199998874,
    0.1623718949999784,
    0.1682700390001628,
    0.1568845539998165,
    0.15959287500004393,
    0.15475653899989084,
    0.1664943249998032
  ],
  "prusti-tests/tests/verify/pass/pure-fn/ref-mut-arg.rs": [
    3.6667311869998684,
    0.23921716099994228,
    0.21791890400004377,
    0.22507985700008248,
    0.22904278600003636,
    0.22552506000010908,
    0.21177185800002007,
    0.21939581500009808,
    0.21393637400001353,
    0.2131852689999505
  ],
  "prusti-tests/tests/verify/pass/rosetta/Ackermann_function.rs": [
    2.2512640850000025,
    0.258610421999947,
    0.2519209750000755,
    0.2575694150000345,
    0.25963433000015357,
    0.25792641799989724,
    0.2555844010000783,
    0.2564505069999541,
    0.25320898399991165,
    0.2654749710000033
  ],
  "prusti-tests/tests/verify/pass/rosetta/Heapsort.rs": [
    14.148580176999985,
    1.2102626550001787,
    1.2198129270000209,
    1.212715974000048,
    1.1868515810001554,
    1.1763102050001635,
    1.2012869989998762,
    1.2134450890000608,
    1.276699563999955,
    1.223794167000051
  ]
}