{
  "prusti-tests/tests/verify/pass/rosetta/Knuth_shuffle.rs": [
    2.258417958000109,
    1.9182358299999578,
    1.8173307349999277,
    1.8544173849999197,
    1.8235509739999998,
    1.854859188999967,
    1.7514867839998942,
    1.7922766729999466,
    1.9045738420001044,
    1.8782800620000444
  ],
  "prusti-tests/tests/verify/pass/demos/account.rs": [
    1.773179941999956,
    1.7308139509999592,
    1.7202608779999764,
    1.6844823330000054,
    1.6821250169999757,
    1.6948190030000205,
    1.7053363729999091,
    1.7357906810000259,
    1.6752981669999372,
    1.6911302749999777
  ],
  "prusti-tests/tests/verify/pass/rosetta/Knights_tour.rs": [
    95.99120094,
    95.70555074200001,
    92.51810322799997,
    92.92988785900013,
    96.61992069100006,
    94.21293614699994,
    97.81462892899981,
    95.122778703,
    92.08038977699994,
    97.159323653
  ],
  "prusti-tests/tests/verify/pass/quick/fold-unfold.rs": [
    1.1207319129998723,
    1.125378746000024,
    1.1271380590001172,
    1.1622457909998047,
    1.1639970109999922,
    1.1816160400001081,
    1.1871257799998602,
    1.1519456230000742,
    1.2170333990000017,
    1.2221408360001078
  ],
  "prusti-tests/tests/verify/pass/quick/moves.rs": [
    1.4880259889998797,
    1.4191798099998323,
    1.4469451279999248,
    1.4306681600000957,
    1.4670658299999104,
    1.4600519729999633,
    1.4668791859999146,
    1.49953041699996,
    1.3997280099999898,
    1.444297226000117
  ],
  "prusti-tests/tests/verify/pass/quick/mut-borrows.rs": [
    2.7828604650001125,
    2.7007388069998797,
    2.6732188140001654,
    2.7006882289999794,
    2.6518809490000876,
    2.7082802410000113,
    2.722651740999936,
    2.67318299700014,
    2.7505289359999097,
    2.7571272580000823
  ],
  "prusti-tests/tests/verify/pass/quick/shared-borrows.rs": [
    1.688449435000166,
    1.7190581429999838,
    1.6884261349998724,
    1.6997756119999394,
    1.6728572639999584,
    1.691108088999954,
    1.7198304870000811,
    1.698368038999888,
    1.6978815839997878,
    1.6943870229999902
  ],
  "prusti-tests/tests/verify/pass/quick/trait-contracts-refinement.rs": [
    1.4390197010000065,
    1.426563116999887,
    1.4640233699999499,
    1.4179834599999595,
    1.4128718370000115,
    1.4097990249999839,
    1.4433360530001664,
    1.4807901090000541,
    1.4097510239998883,
    1.4152319380000336
  ],
  "prusti-tests/tests/verify/pass/quick/routes.rs": [
    4.661223683000117,
    4.373120748000019,
    4.291048101999877,
    4.303462907000039,
    4.248163786000077,
    4.285094055999934,
    4.231893377000006,
    4.3155614510001215,
    4.333609742999897,
    4.378776646999995
  ],
  "prusti-tests/tests/verify/pass/quick/fibonacci.rs": [
    5.450852590000068,
    5.426046299000063,
    5.454690118000144,
    5.383730193000019,
    5.455912041999909,
    5.419681877999892,
    5.399001001999977,
    5.589906208000002,
    5.417349339999873,
    5.437761290000026
  ],
  "prusti-tests/tests/verify/pass/pure-fn/len-lookup.rs": [
    3.125287210000124,
    3.1509301850001066,
    3.1580877249998593,
    3.186284119999982,
    3.22210829200003,
    3.167832555999894,
    3.124513599000011,
    3.1217043639999247,
    3.1212565529999665,
    3.1184910280001077
  ],
  "prusti-tests/tests/verify/pass/pure-fn/quantifiers.rs": [
    1.9220785439999872,
    1.9466608679999808,
    1.929894916000194,
    1.9126038540000536,
    1.9151757949998682,
    1.939686466000012,
    1.921089936000044,
    1.9441543310001634,
    1.9388251699999728,
    1.912049915000125
  ],
  "prusti-tests/tests/verify/pass/pure-fn/recursive-pure-fn.rs": [
    1.7196214959999452,
    1.723257526999987,
    1.6932968319999873,
    1.7534386110000924,
    1.6895760730001257,
    1.7279870369998207,
    1.6972330230000807,
    1.7437907720000112,
    1.6895354249998036,
    1.7274592679998477
  ],
  "prusti-tests/tests/verify/pass/pure-fn/ref-mut-arg.rs": [
    2.6539359299999887,
    2.5113720179999746,
    2.5280487449999782,
    2.623409441999911,
    2.523421804999998,
    2.542344316000026,
    2.6183675969998603,
    2.5275613720000365,
    2.5523328399999627,
    2.542718875999981
  ],
  "prusti-tests/tests/verify/pass/rosetta/Ackermann_function.rs": [
    1.6808696220000456,
    1.6938170129999435,
    1.694636821999893,
    1.6895245680000244,
    1.6842057000001205,
    1.6827192559999276,
    1.6810272380000697,
    1.692753957999912,
    1.7162071990001095,
    1.683935290999898
  ],
  "prusti-tests/tests/verify/pass/rosetta/Heapsort.rs": [
    8.442100160999871,
    8.405712814000026,
    8.460920518999956,
    8.477949079999917,
    8.459480024999948,
    8.756958622999946,
    8.86295614200003,
    8.639787337000143,
    8.761298502000045,
    8.591397163999773
  ]
}