{
  "prusti-tests/tests/verify/pass/rosetta/Knuth_shuffle.rs": [
    2.328338158000065,
    2.01473130699992,
    1.9702712040000279,
    1.8972271559999854,
    1.933535065000001,
    1.9624643580000338,
    1.9269743759999756,
    1.9681872449999673,
    1.8952829600000314,
    1.9362995179999416
  ],
  "prusti-tests/tests/verify/pass/demos/account.rs": [
    1.7946727919999148,
    1.811356821000004,
    1.7969241249999186,
    1.799638361999996,
    1.7710470730000907,
    1.8147882680000293,
    1.774530192000043,
    1.8046039519999795,
    1.7799808810000286,
    1.808862586000032
  ],
  "prusti-tests/tests/verify/pass/rosetta/Knights_tour.rs": [
    105.09082324999997,
    102.06188590200009,
    100.45352356099988,
    101.50093981300006,
    97.83981479900012,
    98.31162273099994,
    98.314931936,
    102.74284959200008,
    98.76456908800014,
    98.1615895939999
  ],
  "prusti-tests/tests/verify/pass/quick/fold-unfold.rs": [
    1.1985605690001648,
    1.1960911349999606,
    1.192553086000089,
    1.1953490250000414,
    1.1967298439999468,
    1.1950435199998992,
    1.1928380800000014,
    1.184469365999803,
    1.2135418620000564,
    1.195925121999835
  ],
  "prusti-tests/tests/verify/pass/quick/moves.rs": [
    1.445636530999991,
    1.444522515000017,
    1.434222150000096,
    1.4449661589999323,
    1.449630228999922,
    1.4591200750001008,
    1.4363425439998991,
    1.4387073360001068,
    1.4509914449999997,
    1.4306033249999928
  ],
  "prusti-tests/tests/verify/pass/quick/mut-borrows.rs": [
    2.8679110820000915,
    2.847724671999913,
    2.8568338940001468,
    2.8889514689999487,
    2.869020148000118,
    2.87772225599997,
    2.855704370000012,
    2.8843699809999634,
    2.860445104000064,
    2.8668577910000295
  ],
  "prusti-tests/tests/verify/pass/quick/shared-borrows.rs": [
    1.8027771060001214,
    1.7971079829999326,
    1.8004679289999785,
    1.8197773920001055,
    1.804534662999913,
    1.8098320569999942,
    1.8096006539999507,
    1.8100060589999885,
    1.805835150999883,
    1.812014913999974
  ],
  "prusti-tests/tests/verify/pass/quick/trait-contracts-refinement.rs": [
    1.558389175000002,
    1.5340987160000168,
    1.5245349760000408,
    1.5388005790000534,
    1.5259193330000471,
    1.5110116050000215,
    1.5573540039999898,
    1.6458086499999354,
    1.499093270000003,
    1.5071558799998002
  ],
  "prusti-tests/tests/verify/pass/quick/routes.rs": [
    4.965302563000023,
    4.644588734999843,
    4.575113929000054,
    4.892594004999864,
    4.624784107999858,
    4.549783339999976,
    4.705102667000119,
    4.890328307000118,
    4.878229474999898,
    4.629889174000027
  ],
  "prusti-tests/tests/verify/pass/quick/fibonacci.rs": [
    5.868818189999956,
    5.983804553999789,
    6.099037167000006,
    5.945328140999891,
    5.881869219000009,
    5.778473688000076,
    5.808805235000136,
    5.802455947999988,
    5.74841460499988,
    5.824280931999965
  ],
  "prusti-tests/tests/verify/pass/pure-fn/len-lookup.rs": [
    3.350022536000097,
    3.358087147000333,
    3.5521488809999937,
    3.2732697179999377,
    3.3337054070002523,
    3.3011782600001425,
    3.297621557000184,
    3.3231159820002176,
    3.3516600379998636,
    3.339579801000127
  ],
  "prusti-tests/tests/verify/pass/pure-fn/quantifiers.rs": [
    2.155715164999947,
    2.4384368169999107,
    2.04938941599994,
    2.039251975999832,
    2.0380913599997257,
    2.0386319910003294,
    2.032152378000319,
    2.043144128000222,
    2.0561691080001765,
    2.060759937000057
  ],
  "prusti-tests/tests/verify/pass/pure-fn/recursive-pure-fn.rs": [
    1.8449174940001285,
    1.811821235000025,
    1.8038061239999479,
    1.8243851439997343,
    1.8283750659998077,
    1.8029004159998294,
    1.8102279169997928,
    1.8089705010002035,
    1.8290749849998065,
    1.7823162439999578
  ],
  "prusti-tests/tests/verify/pass/pure-fn/ref-mut-arg.rs": [
    2.7095922609996705,
    2.6312447230002363,
    2.6598755610002627,
    2.6384618669999327,
    2.78619619400024,
    2.738790522999807,
    2.8040082130000883,
    2.7206479559999934,
    2.7298824459999196,
    3.0804372550001062
  ],
  "prusti-tests/tests/verify/pass/rosetta/Ackermann_function.rs": [
    1.759662002999903,
    1.7986008150000998,
    1.7898244950001754,
    1.817872479000016,
    1.8385284539999702,
    2.1490959590000784,
    1.8481292480000775,
    1.8490454600000703,
    1.8373702000003505,
    1.8638121690000844
  ],
  "prusti-tests/tests/verify/pass/rosetta/Heapsort.rs": [
    9.616559848000179,
    9.340971117999743,
    9.12823855400029,
    8.990515316000256,
    9.233058791000076,
    9.25311178999982,
    9.54211346000011,
    9.44080055700033,
    9.126751785000124,
    9.45923628599985
  ]
}