{
  "prusti-tests/tests/verify/pass/rosetta/Knuth_shuffle.rs": [
    3.5161831899999925,
    0.42099936399995386,
    0.4147462179998911,
    0.4167591329999141,
    0.40344383599995126,
    0.3914884490000077,
    0.3999193100000866,
    0.40417914100021335,
    0.40044830900001216,
    0.3926711520000481
  ],
  "prusti-tests/tests/verify/pass/demos/account.rs": [
    2.853766428999961,
    0.1523701070000243,
    0.14991018899991104,
    0.15973176000011335,
    0.14969458699988536,
    0.15697843999987526,
    0.15145880099998976,
    0.16126397199991516,
    0.16706291400009832,
    0.14933848500004387
  ],
  "prusti-tests/tests/verify/pass/rosetta/Knights_tour.rs": [
    136.38380680399996,
    2.8118949820000125,
    2.7435074690001784,
    2.805004132000022,
    2.926848566999979,
    2.8662951249998514,
    2.859863484000016,
    2.8206180979998408,
    2.7200319439998566,
    2.905942345000085
  ],
  "prusti-tests/tests/verify/pass/quick/fold-unfold.rs": [
    1.6119777060000615,
    0.1261051920000682,
    0.13356624499988357,
    0.12744730200006416,
    0.12298327000007703,
    0.12529348700013543,
    0.12324537199992847,
    0.13195363400018323,
    0.12258966700005658,
    0.12782560400000875
  ],
  "prusti-tests/tests/verify/pass/quick/moves.rs": [
    2.030636168000001,
    0.11055538300001899,
    0.11352890399984972,
    0.11288209899998947,
    0.11685382699988622,
    0.11408710700015945,
    0.11377680500004317,
    0.12022575100013455,
    0.12156595999999809,
    0.1237050760000784
  ],
  "prusti-tests/tests/verify/pass/quick/mut-borrows.rs": [
    3.839057869000044,
    0.19425677800018093,
    0.18319889899998998,
    0.18076908199986974,
    0.18968344499990053,
    0.17722735699999248,
    0.1817378880000433,
    0.17389183299997057,
    0.18260839499998838,
    0.1802525789998981
  ],
  "prusti-tests/tests/verify/pass/quick/shared-borrows.rs": [
    2.2933786640001017,
    0.10786106499995185,
    0.10734506099993268,
    0.1121505950000028,
    0.1089670720000413,
    0.1138764079998964,
    0.1255139899999449,
    0.10569764899992151,
    0.10927757499985091,
    0.11441691099980744
  ],
  "prusti-tests/tests/verify/pass/quick/trait-contracts-refinement.rs": [
    2.0501005380001516,
    0.1660623770001166,
    0.1745810380000421,
    0.16709538500003873,
    0.16226705100007166,
    0.17667070799984685,
    0.16572503399993366,
    0.16166780300000028,
    0.18378376900000148,
    0.16440832499984026
  ],
  "prusti-tests/tests/verify/pass/quick/routes.rs": [
    7.177473748000011,
    0.40953904499997407,
    0.4160550100000364,
    0.4569009950000691,
    0.4411234459998923,
    0.41349568700002237,
    0.4087032420000014,
    0.39820934299996225,
    0.414472496000144,
    0.41408929199997146
  ],
  "prusti-tests/tests/verify/pass/quick/fibonacci.rs": [
    0.4336409760001061,
    0.43315127100004247,
    0.446916900999895,
    0.4302016429999185,
    0.42722181599992837,
    0.43644280199987406,
    0.43110165199982475,
    0.4234379799997896,
    0.41830033100018227,
    0.42679806800015285
  ],
  "prusti-tests/tests/verify/pass/pure-fn/len-lookup.rs": [
    4.696106434000058,
    0.2446244459999889,
    0.24732466099999328,
    0.2503926770000362,
    0.2507963790001213,
    0.25553500500018345,
    0.2566633120000006,
    0.24691495899992333,
    0.25009527600013826,
    0.25026237699989906
  ],
  "prusti-tests/tests/verify/pass/pure-fn/quantifiers.rs": [
    2.983670826999969,
    0.22422231700011253,
    0.23677530800000568,
    0.22718103900001552,
    0.23907052499998827,
    0.23567120100005923,
    0.23740631300006498,
    0.22940555500008486,
    0.2319930740000018,
    0.22531952600002114
  ],
  "prusti-tests/tests/verify/pass/pure-fn/recursive-pure-fn.rs": [
    2.437233183999979,
    0.18135420900011923,
    0.16935192200003257,
    0.19143248099999255,
    0.1850133340001321,
    0.1853414370000337,
    0.18036920100007592,
    0.16771141000003809,
    0.17310484899985568,
    0.17496173399990766
  ],
  "prusti-tests/tests/verify/pass/pure-fn/ref-mut-arg.rs": [
    3.649117380000007,
    0.2071282980000433,
    0.21484796499998993,
    0.21984520899991367,
    0.2396808810001403,
    0.21094943100001728,
    0.20723319900002934,
    0.21294424799998524,
    0.2117984389999492,
    0.21261924600003113
  ],
  "prusti-tests/tests/verify/pass/rosetta/Ackermann_function.rs": [
    2.377701214999888,
    0.2587087470001279,
    0.2626217810000071,
    0.26227887799996097,
    0.28556107100007466,
    0.27574769000011656,
    0.28425996000009945,
    0.27227256000014677,
    0.2895647039999858,
    0.2882246929998473
  ],
  "prusti-tests/tests/verify/pass/rosetta/Heapsort.rs": [
    13.968763550999938,
    1.2138123790000463,
    1.1693428409998887,
    1.2264815739999904,
    1.213630276999993,
    1.194032227999969,
    1.2047290089999478,
    1.1878186920000644,
    1.233766168000102,
    1.2319151540000348
  ]
}