{
  "prusti-tests/tests/verify/pass/rosetta/Knuth_shuffle.rs": [
    2.8650913100000253,
    2.5587538300000006,
    2.418747692000011,
    2.4654178429999547,
    2.40656770399994,
    2.346971473999929,
    2.490544328999931,
    2.4101822110000057,
    2.3410239849999925,
    2.2924940379999725
  ],
  "prusti-tests/tests/verify/pass/demos/account.rs": [
    2.118953916999999,
    2.199308234,
    2.1809182470000223,
    2.1800589470000205,
    2.1071291220000603,
    2.248743175999948,
    2.2130314060000273,
    2.150318271999936,
    2.1735151479999786,
    2.1831808440000486
  ],
  "prusti-tests/tests/verify/pass/rosetta/Knights_tour.rs": [
    132.37021719799998,
    130.98197025800005,
    130.6362832729999,
    131.3215291030001,
    131.91183453400004,
    130.27278941300005,
    128.21028634200002,
    128.09384401900002,
    130.95941573200002,
    130.4253112890001
  ],
  "prusti-tests/tests/verify/pass/quick/fold-unfold.rs": [
    1.3997588110000834,
    1.403971705999993,
    1.380780632999631,
    1.373571441000422,
    1.3989291119996778,
    1.3772167410002112,
    1.3301400999998805,
    1.3714947530002064,
    1.3987010230002852,
    1.3881038340000487
  ],
  "prusti-tests/tests/verify/pass/quick/moves.rs": [
    1.6680395190001036,
    1.6299672850000206,
    1.636772480000218,
    1.6802755310000066,
    1.6818330299997797,
    1.7330445469997358,
    1.634668443999999,
    1.7055905539996274,
    1.7309511229996133,
    1.7053329549999034
  ],
  "prusti-tests/tests/verify/pass/quick/mut-borrows.rs": [
    3.4459159969997017,
    3.361054297999999,
    3.3911661639999693,
    3.4180976329998884,
    3.4680083690000174,
    3.3198063210002147,
    3.348397580999972,
    3.407749566000348,
    3.4047555440001815,
    3.2925851400000283
  ],
  "prusti-tests/tests/verify/pass/quick/shared-borrows.rs": [
    2.0948590860002696,
    2.1265729609999653,
    2.1152616780000244,
    2.117655965999802,
    2.1150559319999047,
    2.076189715000055,
    2.070893240999794,
    2.091173461999915,
    2.1636122879999675,
    2.120808906000093
  ],
  "prusti-tests/tests/verify/pass/quick/trait-contracts-refinement.rs": [
    1.859710035000262,
    2.0190929479999795,
    1.9855696320000789,
    1.935223988999951,
    1.8359029889998055,
    1.8490653300000304,
    1.799585449999995,
    1.8316325989999314,
    1.8197462549996999,
    1.8456994359999044
  ],
  "prusti-tests/tests/verify/pass/quick/routes.rs": [
    6.099794209000265,
    5.952185191000353,
    5.717829689999689,
    5.722482214999673,
    5.662657142000171,
    5.787566154999695,
    5.831570074999945,
    5.7651426570000694,
    5.871208613999897,
    5.718153223999707
  ],
  "prusti-tests/tests/verify/pass/quick/fibonacci.rs": [
    7.141656760999922,
    7.295782916999997,
    7.323513079999884,
    7.207332414999655,
    7.341219267999804,
    7.1209978480001155,
    7.31373021599984,
    7.231720335999853,
    7.131685808999919,
    7.196134997000172
  ],
  "prusti-tests/tests/verify/pass/pure-fn/len-lookup.rs": [
    4.036416078000002,
    4.136650808000013,
    4.101317867999569,
    4.067959602999963,
    4.150925229999757,
    4.038851940999848,
    4.101749464000022,
    4.074398883999947,
    4.191788062000342,
    4.277080808999926
  ],
  "prusti-tests/tests/verify/pass/pure-fn/quantifiers.rs": [
    2.6411793740003304,
    2.5612953410000046,
    2.5570517749997634,
    2.55220469599999,
    2.4561690599998656,
    2.5359393949997866,
    2.622324065000157,
    2.5791280769999503,
    2.5320033230000263,
    2.5348243170001297
  ],
  "prusti-tests/tests/verify/pass/pure-fn/recursive-pure-fn.rs": [
    2.184903387000304,
    2.1969687149999118,
    2.197611099000369,
    2.176711193999836,
    2.1840951300000597,
    2.221621975999824,
    2.2591221679999762,
    2.1856263210002,
    2.1782599829998617,
    2.2688208419999683
  ],
  "prusti-tests/tests/verify/pass/pure-fn/ref-mut-arg.rs": [
    3.4544159329998365,
    3.447050772000239,
    3.468427724999856,
    3.4715121579997685,
    3.4037671860000955,
    3.4489982000000055,
    3.43582297499961,
    3.318701307000083,
    3.4278075459997126,
    3.501245205000032
  ],
  "prusti-tests/tests/verify/pass/rosetta/Ackermann_function.rs": [
    2.320792952999909,
    2.2487853650000034,
    2.192166993999763,
    2.2367023919996427,
    2.2144920589998947,
    2.237839111000085,
    2.221482408999691,
    2.257404413000131,
    2.237532956999985,
    2.202753545000178
  ],
  "prusti-tests/tests/verify/pass/rosetta/Heapsort.rs": [
    12.56626456899994,
    12.426809511000101,
    12.32341507000001,
    12.074412327000118,
    12.076592344000346,
    12.43035472299971,
    12.504692774999967,
    12.414978594999866,
    12.131538539999838,
    12.469326893000016
  ]
}