{
  "prusti-tests/tests/verify/pass/rosetta/Knuth_shuffle.rs": [
    2.8735347019999153,
    0.36603977400000076,
    0.3655740680000008,
    0.3598077399999511,
    0.3607863189999989,
    0.3588319880000199,
    0.3617084329999898,
    0.3596099999999751,
    0.3623464419999891,
    0.3604532129999143
  ],
  "prusti-tests/tests/verify/pass/demos/account.rs": [
    2.2566891419999138,
    0.13254726399998162,
    0.13269946599996274,
    0.13448569399997723,
    0.13181195300001036,
    0.13270376699995268,
    0.1324267620000228,
    0.1323454609999999,
    0.136082219000059,
    0.13525050600003397
  ],
  "prusti-tests/tests/verify/pass/rosetta/Knights_tour.rs": [
    94.56409393199999,
    2.6030665679999174,
    2.583787197999982,
    2.5847863189999316,
    2.584389913999985,
    2.5779994770000485,
    2.583951705000004,
    2.5951636539999754,
    2.6010331620000215,
    2.581973959000038
  ],
  "prusti-tests/tests/verify/pass/quick/fold-unfold.rs": [
    1.2878115380000281,
    0.10585799199998291,
    0.10464307699999154,
    0.10363766300008592,
    0.10404476799999429,
    0.10485917899995911,
    0.10376236499996594,
    0.1024322469999106,
    0.10439247299996168,
    0.10478667899997163
  ],
  "prusti-tests/tests/verify/pass/quick/moves.rs": [
    1.5080296339999677,
    0.10018971800002419,
    0.09980351299998347,
    0.09795288799989521,
    0.10528028499993525,
    0.0987115980000226,
    0.09945870900003229,
    0.09897850200002267,
    0.1005386220000446,
    0.09889999900008206
  ],
  "prusti-tests/tests/verify/pass/quick/mut-borrows.rs": [
    3.054820384999971,
    0.16451574199993502,
    0.16519465099997888,
    0.16920270399998572,
    0.16529545299999882,
    0.16394943499994952,
    0.16606416299998727,
    0.16552025600003617,
    0.16726037800003724,
    0.16606256199997915
  ],
  "prusti-tests/tests/verify/pass/quick/shared-borrows.rs": [
    1.8963666969999622,
    0.1022718320000422,
    0.09655245700002979,
    0.09765697099999215,
    0.09709786399992026,
    0.0976047720000679,
    0.09863548400005584,
    0.09765677100006087,
    0.09826607900004092,
    0.09919199099999787
  ],
  "prusti-tests/tests/verify/pass/quick/trait-contracts-refinement.rs": [
    1.8015672049999694,
    0.14165535000006457,
    0.14074843800005965,
    0.14293436700006623,
    0.14405248200000642,
    0.14435508499991556,
    0.14251806200002193,
    0.14305096800001138,
    0.14427458400007254,
    0.14516939600002843
  ],
  "prusti-tests/tests/verify/pass/quick/routes.rs": [
    5.5446905180000385,
    0.36157018100004734,
    0.3585660479999433,
    0.3635533140000007,
    0.361218683000061,
    0.36094668000009733,
    0.3665614540000206,
    0.36703106100003424,
    0.3620721940000067,
    0.3635344140000143
  ],
  "prusti-tests/tests/verify/pass/quick/fibonacci.rs": [
    0.39286980199995014,
    0.394578425000077,
    0.39381541400007336,
    0.3902266670000927,
    0.390000164000071,
    0.38583620899987636,
    0.3918653890000314,
    0.39511333199993715,
    0.39380731400001423,
    0.3880332379999345
  ],
  "prusti-tests/tests/verify/pass/pure-fn/len-lookup.rs": [
    3.720543232999944,
    0.2234293090000392,
    0.22217679300001691,
    0.2221759930000644,
    0.22590454099986346,
    0.22542983499988622,
    0.22754486200005886,
    0.22543233500005044,
    0.22409291799999664,
    0.22301970300009089
  ],
  "prusti-tests/tests/verify/pass/pure-fn/quantifiers.rs": [
    2.3174807739999324,
    0.2199683639998966,
    0.2022165330001826,
    0.19906239199985976,
    0.20119321899983333,
    0.19589294499996868,
    0.19693955899992943,
    0.19845637800017357,
    0.20072370799994133,
    0.1968513570000141
  ],
  "prusti-tests/tests/verify/pass/pure-fn/recursive-pure-fn.rs": [
    1.973527937999961,
    0.15734734400007255,
    0.15736764400003267,
    0.15515561600000183,
    0.15623622999987674,
    0.1572495429998071,
    0.15539211800000885,
    0.15532031699990512,
    0.1567681359999824,
    0.15700414000002638
  ],
  "prusti-tests/tests/verify/pass/pure-fn/ref-mut-arg.rs": [
    2.992712277999999,
    0.1990644859999975,
    0.199199088000114,
    0.19750406600019232,
    0.19399950799993348,
    0.20080929200003084,
    0.1981735589999971,
    0.1988253669999267,
    0.20065789000000223,
    0.1984376620000603
  ],
  "prusti-tests/tests/verify/pass/rosetta/Ackermann_function.rs": [
    1.978573342000118,
    0.23777926999991905,
    0.2378156699999181,
    0.2378553710000233,
    0.24013899999999921,
    0.242188527000053,
    0.24177212099993994,
    0.2435510450000038,
    0.2436388450000777,
    0.23964619400021547
  ],
  "prusti-tests/tests/verify/pass/rosetta/Heapsort.rs": [
    10.497704505999991,
    1.0777787459999217,
    1.0780910650000806,
    1.0790670769999906,
    1.0833767329997954,
    1.0800773900000422,
    1.0746243190001223,
    1.082491121999965,
    1.086194966999983,
    1.0819777740000518
  ]
}