{
  "prusti-tests/tests/verify/pass/rosetta/Knuth_shuffle.rs": [
    2.856680438000012,
    0.3602814270000181,
    0.36013532499998746,
    0.360131125999942,
    0.360771131999968,
    0.36735570400003326,
    0.35899401300002864,
    0.3563890850000462,
    0.36045612899999924,
    0.3579694019999806
  ],
  "prusti-tests/tests/verify/pass/demos/account.rs": [
    2.2761213239999734,
    0.13626056199996128,
    0.13622616199995718,
    0.13615576100005455,
    0.13637846400001763,
    0.13600275999999667,
    0.13857948700001543,
    0.1367139669999915,
    0.13723787300000367,
    0.13752987600003053
  ],
  "prusti-tests/tests/verify/pass/rosetta/Knights_tour.rs": [
    95.893959043,
    2.574636491999968,
    2.5763304089999792,
    2.5783763489999956,
    2.580539478999981,
    2.5666697329999124,
    2.5608759699999837,
    2.5648972400000503,
    2.572448217999977,
    2.577053650000039
  ],
  "prusti-tests/tests/verify/pass/quick/fold-unfold.rs": [
    1.3095456459999468,
    0.10265177000007952,
    0.1028307719999475,
    0.10379828200007069,
    0.10331307700005254,
    0.103801782000005,
    0.10399628400000438,
    0.10499379399993813,
    0.10621300699995118,
    0.10581690200001503
  ],
  "prusti-tests/tests/verify/pass/quick/moves.rs": [
    1.557593331000021,
    0.09866172900001402,
    0.09998614199992062,
    0.099901640999974,
    0.09896913099998983,
    0.09781942000006438,
    0.10068654899998819,
    0.09862342700000681,
    0.09921803400004592,
    0.09965403800003969
  ],
  "prusti-tests/tests/verify/pass/quick/mut-borrows.rs": [
    3.0700674960000924,
    0.16444269799990252,
    0.16439089700008935,
    0.1651026050000155,
    0.16588281300005292,
    0.16684772300004624,
    0.16368509000005815,
    0.1641374950000909,
    0.1633768860000373,
    0.16716012599999885
  ],
  "prusti-tests/tests/verify/pass/quick/shared-borrows.rs": [
    1.9306210339999552,
    0.09876301899998907,
    0.09790351100002681,
    0.09744230599994808,
    0.09832021499994426,
    0.09900302200003352,
    0.09979563100000632,
    0.09598129100004371,
    0.09972142900005565,
    0.10005193300003157
  ],
  "prusti-tests/tests/verify/pass/quick/trait-contracts-refinement.rs": [
    1.7943337269999802,
    0.14427138900009595,
    0.14175646399996822,
    0.1432940789999293,
    0.143829285000038,
    0.14166466299991498,
    0.14222166799993374,
    0.14274838699998327,
    0.14309120100006112,
    0.14226429200004986
  ],
  "prusti-tests/tests/verify/pass/quick/routes.rs": [
    5.391492150999966,
    0.3582835579999255,
    0.3579525549999971,
    0.35579433200007315,
    0.35356750799996917,
    0.35406241400005456,
    0.3560753349999004,
    0.3571343280000292,
    0.3531111779999492,
    0.3565969150000683
  ],
  "prusti-tests/tests/verify/pass/quick/fibonacci.rs": [
    0.37988235700004225,
    0.3856078169999364,
    0.3834588940000003,
    0.38561281700003747,
    0.38531771399993886,
    0.38321369199991295,
    0.3912999760000275,
    0.3841587020000361,
    0.38217528099994524,
    0.38107956999999715
  ],
  "prusti-tests/tests/verify/pass/pure-fn/len-lookup.rs": [
    3.7650080739999794,
    0.22354734700002155,
    0.2252714640000022,
    0.22426805400004923,
    0.2236897489999592,
    0.221752830000014,
    0.2213058259999343,
    0.22217013399995267,
    0.22323364400006085,
    0.22347424700001284
  ],
  "prusti-tests/tests/verify/pass/pure-fn/quantifiers.rs": [
    2.300270697999963,
    0.20994681699994544,
    0.19473276999997324,
    0.19611298400002397,
    0.1963761859999522,
    0.1966817899999569,
    0.19349925800008805,
    0.1957494810000071,
    0.19626798499996312,
    0.19470257000000402
  ],
  "prusti-tests/tests/verify/pass/pure-fn/recursive-pure-fn.rs": [
    1.9794053289999738,
    0.1565123359999916,
    0.15659593699990637,
    0.15583202900006654,
    0.1551077220000252,
    0.1561186330000055,
    0.1563697349999984,
    0.15375820699989617,
    0.15584833000002618,
    0.1547231179999926
  ],
  "prusti-tests/tests/verify/pass/pure-fn/ref-mut-arg.rs": [
    2.9897302630000695,
    0.19740746399997988,
    0.19823327299991433,
    0.1970724609999479,
    0.19807427099999586,
    0.20024749399999564,
    0.19878747900008875,
    0.2038674309999351,
    0.20412743500003216,
    0.20011499199995342
  ],
  "prusti-tests/tests/verify/pass/rosetta/Ackermann_function.rs": [
    2.022385333000102,
    0.23865519099990706,
    0.23754367999993065,
    0.24192792499991356,
    0.23861249000003681,
    0.23800418500002252,
    0.24030960800007506,
    0.23970530199994755,
    0.24249823100001322,
    0.2388295929999913
  ],
  "prusti-tests/tests/verify/pass/rosetta/Heapsort.rs": [
    10.353847824000013,
    1.0754311360000202,
    1.0761617440000464,
    1.0734869760000265,
    1.0753999539999768,
    1.0821786239999938,
    1.0804680070000359,
    1.0770210709999901,
    1.0795062969999663,
    1.0751902519999703
  ]
}