{
  "prusti-tests/tests/verify/pass/rosetta/Knuth_shuffle.rs": [
    3.1399618110000347,
    0.3988289569999779,
    0.39151287499998944,
    0.387857648000022,
    0.3897645160000138,
    0.39610534700000244,
    0.3903553469999679,
    0.39461666900001546,
    0.3955042150000736,
    0.3863761389999354
  ],
  "prusti-tests/tests/verify/pass/demos/account.rs": [
    2.711388327999998,
    0.1517700109999396,
    0.15092546599998968,
    0.15874237399998492,
    0.14785050600005434,
    0.15184441500002777,
    0.1495586960000992,
    0.15200282299997525,
    0.15059995000001436,
    0.15354830400008268
  ],
  "prusti-tests/tests/verify/pass/rosetta/Knights_tour.rs": [
    122.31531652699994,
    2.735201550999818,
    2.678019584999902,
    2.6620241910000004,
    2.73543689600001,
    2.6935996199999863,
    2.65400958500004,
    2.631671069000049,
    2.5571930930000235,
    2.60776110300003
  ],
  "prusti-tests/tests/verify/pass/quick/fold-unfold.rs": [
    1.5272389409999505,
    0.11633465199997772,
    0.11782892900009756,
    0.11666066900011174,
    0.11664946799987774,
    0.11805134099995485,
    0.11993213799996738,
    0.12029675700000553,
    0.1176716209999995,
    0.11489487700009704
  ],
  "prusti-tests/tests/verify/pass/quick/moves.rs": [
    1.8285175129999516,
    0.10856904799993572,
    0.10956579899993812,
    0.1138800240000819,
    0.11206662900008268,
    0.10905197200008843,
    0.11110007899992524,
    0.11180821500011007,
    0.10982811300004869,
    0.11239924699998483
  ],
  "prusti-tests/tests/verify/pass/quick/mut-borrows.rs": [
    3.69170689900011,
    0.17325651000010112,
    0.17255187199998545,
    0.17867509100005918,
    0.17889490300012767,
    0.1782462690000557,
    0.18056408899997223,
    0.1763685710000118,
    0.17897850700001072,
    0.17764743699990504
  ],
  "prusti-tests/tests/verify/pass/quick/shared-borrows.rs": [
    2.2285783849999916,
    0.11003972200001044,
    0.10840243699999519,
    0.10848014099997272,
    0.1040496109999367,
    0.10840833699990071,
    0.10955709699987892,
    0.10723007599995071,
    0.10852304300010474,
    0.11075585899993712
  ],
  "prusti-tests/tests/verify/pass/quick/trait-contracts-refinement.rs": [
    1.921833794999884,
    0.14986661000011736,
    0.1549016720000509,
    0.15987933199994586,
    0.15209892699999727,
    0.15559210900005382,
    0.15828574900001513,
    0.1559703289999561,
    0.15641105200006677,
    0.15270825900006457
  ],
  "prusti-tests/tests/verify/pass/quick/routes.rs": [
    6.442936476999876,
    0.3892262919998757,
    0.393310104999955,
    0.4005803830000332,
    0.3778971010001442,
    0.39322040000001834,
    0.38727579000010337,
    0.3958105350000096,
    0.3939135359999,
    0.39448206599990954
  ],
  "prusti-tests/tests/verify/pass/quick/fibonacci.rs": [
    0.40260498899988306,
    0.4196816790001776,
    0.40653429400003915,
    0.42412911199994596,
    0.4170204409999769,
    0.40898162199982835,
    0.43197392000001855,
    0.4125471069999094,
    0.42033521300004395,
    0.4242011280000497
  ],
  "prusti-tests/tests/verify/pass/pure-fn/len-lookup.rs": [
    4.590954236000016,
    0.2472499970001536,
    0.2505099689999497,
    0.2516500280000855,
    0.25831687899994904,
    0.2537269379999998,
    0.2522206590001588,
    0.24929600499990556,
    0.25977455599991117,
    0.2560283590000836
  ],
  "prusti-tests/tests/verify/pass/pure-fn/quantifiers.rs": [
    2.7478113139998186,
    0.23093074700000216,
    0.21909001999983957,
    0.21870469999998932,
    0.2206588029998784,
    0.21352972499994394,
    0.21323340900016774,
    0.2265102129999832,
    0.22684613199999148,
    0.22042089000001397
  ],
  "prusti-tests/tests/verify/pass/pure-fn/recursive-pure-fn.rs": [
    2.3155316069999117,
    0.1703867359999549,
    0.16603460500004985,
    0.1685744409999188,
    0.17203042400001323,
    0.172499549000122,
    0.17068905299993276,
    0.17227533699997366,
    0.17181741299987152,
    0.17445275299996865
  ],
  "prusti-tests/tests/verify/pass/pure-fn/ref-mut-arg.rs": [
    3.536993285000108,
    0.20692519100020945,
    0.2097826439999153,
    0.2105574859999706,
    0.20796694700015905,
    0.20469067099998028,
    0.20772903400006726,
    0.209411523999961,
    0.21362535000002936,
    0.21727664600007301
  ],
  "prusti-tests/tests/verify/pass/rosetta/Ackermann_function.rs": [
    2.326272886999959,
    0.2462888009999915,
    0.25015380800005005,
    0.2536657959999502,
    0.25272022899980584,
    0.24613805899980434,
    0.24687763200017798,
    0.23846788400010155,
    0.24746252799991453,
    0.26074969000001147
  ],
  "prusti-tests/tests/verify/pass/rosetta/Heapsort.rs": [
    12.368736812999941,
    1.1248677119999684,
    1.141511928,
    1.13848535000011,
    1.1438758199999484,
    1.1415329030000976,
    1.1537741160000223,
    1.1069938719999755,
    1.1436263069999768,
    1.1346914690000176
  ]
}