{
  "prusti-tests/tests/verify/pass/rosetta/Knuth_shuffle.rs": [
    3.222271135000028,
    0.3842452910000702,
    0.3946538550001151,
    0.3815126640001836,
    0.3997037739998177,
    0.406427831999963,
    0.3842385899999954,
    0.38768617700020513,
    0.4030233500000122,
    0.3956142340000497
  ],
  "prusti-tests/tests/verify/pass/demos/account.rs": [
    2.7149186950000512,
    0.14826848100005918,
    0.14975610500005132,
    0.15218870600006085,
    0.14916945599998144,
    0.15459750600007283,
    0.15217810500007545,
    0.15348151300008794,
    0.1573598340000899,
    0.15268594700000904
  ],
  "prusti-tests/tests/verify/pass/rosetta/Knights_tour.rs": [
    125.20358711699987,
    2.6284829349999654,
    2.6266381819998514,
    2.5700087319999056,
    2.578979397000012,
    2.5581541690000904,
    2.5864441159999387,
    2.569437096999991,
    2.552150761000121,
    2.54237205000004
  ],
  "prusti-tests/tests/verify/pass/quick/fold-unfold.rs": [
    1.4973019489998478,
    0.10958718699998826,
    0.11125202499988518,
    0.11805959000002986,
    0.11603512200008481,
    0.11456730000008974,
    0.11207989400008955,
    0.11572979699985808,
    0.11573829700000715,
    0.11428987700014659
  ],
  "prusti-tests/tests/verify/pass/quick/moves.rs": [
    1.776134279999951,
    0.11354751500016391,
    0.10870281400002568,
    0.1058155750001788,
    0.1040751299999556,
    0.11550787800001672,
    0.10993591600004038,
    0.1108736940000199,
    0.11081938999996055,
    0.11302407200014386
  ],
  "prusti-tests/tests/verify/pass/quick/mut-borrows.rs": [
    3.4809392350000508,
    0.18197948600004565,
    0.17621680799993555,
    0.17680095600007917,
    0.1763493189998826,
    0.17204366099986146,
    0.17524262699998872,
    0.1733874740000374,
    0.17726109400018686,
    0.17785324399983438
  ],
  "prusti-tests/tests/verify/pass/quick/shared-borrows.rs": [
    2.1194549969998207,
    0.10791224500007957,
    0.10804995700004838,
    0.11062327099989488,
    0.10467187700010072,
    0.10652173100015716,
    0.10824067299995477,
    0.11174886300000253,
    0.10890932799998154,
    0.10470747999988816
  ],
  "prusti-tests/tests/verify/pass/quick/trait-contracts-refinement.rs": [
    1.9111003240000173,
    0.16156409299992447,
    0.16358996099984324,
    0.15214371199999732,
    0.16150728899992828,
    0.15851704100009556,
    0.1553880809999555,
    0.1549828610000077,
    0.16613400200003525,
    0.1596781660000488
  ],
  "prusti-tests/tests/verify/pass/quick/routes.rs": [
    6.3093945870000425,
    0.3890999259999717,
    0.3982902899999772,
    0.4000854390001223,
    0.3929762140001003,
    0.3925706669999727,
    0.408235465999951,
    0.3811715199999526,
    0.3862570430001142,
    0.37685996300001534
  ],
  "prusti-tests/tests/verify/pass/quick/fibonacci.rs": [
    0.4061184909999156,
    0.4045020559999557,
    0.40527861999999004,
    0.401982647000068,
    0.41339459400001033,
    0.4085727939998378,
    0.43015218400000776,
    0.41311947100007274,
    0.3998425700001462,
    0.41207758400014427
  ],
  "prusti-tests/tests/verify/pass/pure-fn/len-lookup.rs": [
    4.3817767040000035,
    0.2473706220000622,
    0.268819601000132,
    0.2442425629999434,
    0.25465072500014685,
    0.2394792669999788,
    0.255476094000187,
    0.2502133569998932,
    0.24506173000008857,
    0.2565408820000812
  ],
  "prusti-tests/tests/verify/pass/pure-fn/quantifiers.rs": [
    2.650474079999867,
    0.23255429300002106,
    0.22546951200001786,
    0.2207523439999477,
    0.212572764000015,
    0.22085965199994462,
    0.21327662199996666,
    0.2255632430001242,
    0.2230923370000255,
    0.22024990199997774
  ],
  "prusti-tests/tests/verify/pass/pure-fn/recursive-pure-fn.rs": [
    2.3039389430000483,
    0.17779067300011775,
    0.16417684199996074,
    0.1637949110001955,
    0.17551498500006346,
    0.1699082190000354,
    0.1747679220000009,
    0.17183327799989456,
    0.1731784900000548,
    0.1678037439999116
  ],
  "prusti-tests/tests/verify/pass/pure-fn/ref-mut-arg.rs": [
    3.562368150000111,
    0.20930005800005347,
    0.21396894500003327,
    0.20867090599995208,
    0.20279601800007185,
    0.20875711300004696,
    0.21881914700020388,
    0.23553333300014856,
    0.19403279100015425,
    0.21134902799985866
  ],
  "prusti-tests/tests/verify/pass/rosetta/Ackermann_function.rs": [
    2.3658480029998827,
    0.262654282000085,
    0.25247703799982446,
    0.25273286000015105,
    0.29170299099996555,
    0.26558172499994726,
    0.26133587300000727,
    0.25958272800016857,
    0.27505581099990195,
    0.2813098290000653
  ],
  "prusti-tests/tests/verify/pass/rosetta/Heapsort.rs": [
    12.051736592999987,
    1.0897626769999533,
    1.1022077090001403,
    1.113101811999968,
    1.1032027950000156,
    1.0874911309999789,
    1.1127726290001192,
    1.1142471509999723,
    1.0842626630001178,
    1.0813623230001213
  ]
}