{
  "prusti-tests/tests/verify/pass/rosetta/Knuth_shuffle.rs": [
    3.281145766999998,
    0.40978538100000605,
    0.3851655830000027,
    0.42905801599999904,
    0.3808216299999003,
    0.3796823149999682,
    0.38206494499991095,
    0.44813304800004516,
    0.4203723100000616,
    0.3823945490000824
  ],
  "prusti-tests/tests/verify/pass/demos/account.rs": [
    2.871716311,
    0.161454262999996,
    0.16880265199995392,
    0.14426065399993604,
    0.1449088589999974,
    0.1572856050000837,
    0.15305795400001898,
    0.1552843810000013,
    0.14850469900000007,
    0.14561466399993606
  ],
  "prusti-tests/tests/verify/pass/rosetta/Knights_tour.rs": [
    125.04515601100002,
    2.638754495999933,
    2.6276253869999664,
    2.6455178590000514,
    2.6168683440000677,
    2.633129212999961,
    2.617574332000004,
    2.6258906980000347,
    2.6323168810000652,
    2.612383934000036
  ],
  "prusti-tests/tests/verify/pass/quick/fold-unfold.rs": [
    1.6430556469999829,
    0.12327758900005392,
    0.12263568299999861,
    0.12347469099995578,
    0.13226197600010892,
    0.12357699200015304,
    0.11490920799997184,
    0.1186830449998979,
    0.12486210400015807,
    0.12327560199992149
  ],
  "prusti-tests/tests/verify/pass/quick/moves.rs": [
    1.8868192469999485,
    0.10933304800005317,
    0.1096943459999693,
    0.1134998379998251,
    0.1233569159999206,
    0.11518073499996717,
    0.11071314399987386,
    0.11031174499998997,
    0.11457993599992733,
    0.11149774199998319
  ],
  "prusti-tests/tests/verify/pass/quick/mut-borrows.rs": [
    3.9636345299998084,
    0.17858738900008575,
    0.18856136599993079,
    0.1850095390000206,
    0.1771287779999966,
    0.1774464799998441,
    0.18885293399989678,
    0.17878141300002426,
    0.17735561199992844,
    0.1834101190002002
  ],
  "prusti-tests/tests/verify/pass/quick/shared-borrows.rs": [
    2.3780353370000284,
    0.10868503000006058,
    0.10959862999993675,
    0.11045173100001193,
    0.10597306500017112,
    0.11548959100014144,
    0.11349687699998867,
    0.10454031599988411,
    0.10705073300005097,
    0.10962244999996074
  ],
  "prusti-tests/tests/verify/pass/quick/trait-contracts-refinement.rs": [
    2.0282561859999078,
    0.16080590100000336,
    0.15325684999993427,
    0.16756724799984113,
    0.16078160100005334,
    0.17041886699985298,
    0.1587774869999521,
    0.164328426000111,
    0.16047439899989513,
    0.1635422199999539
  ],
  "prusti-tests/tests/verify/pass/quick/routes.rs": [
    6.896144236000055,
    0.39373102900003687,
    0.4067509120000068,
    0.4108901390000028,
    0.3883903939999982,
    0.3843776930000331,
    0.4130960380000488,
    0.39165770700014946,
    0.391463905999899,
    0.3843761620000805
  ],
  "prusti-tests/tests/verify/pass/quick/fibonacci.rs": [
    0.41051002299991524,
    0.407843105999973,
    0.4088350120000541,
    0.42767842800003564,
    0.4084801100000277,
    0.40610659599997234,
    0.4308028469999954,
    0.41605205600012596,
    0.41559105400006047,
    0.4139592439998978
  ],
  "prusti-tests/tests/verify/pass/pure-fn/len-lookup.rs": [
    4.812974967999935,
    0.24809261500013235,
    0.25556973100015057,
    0.2633258460000434,
    0.2439204059999156,
    0.2539703269999336,
    0.2601543399998718,
    0.2663284529999146,
    0.24845781599992733,
    0.2641290480000862
  ],
  "prusti-tests/tests/verify/pass/pure-fn/quantifiers.rs": [
    2.987583321999864,
    0.2169367470000907,
    0.2301556539998728,
    0.2290962459999264,
    0.21268311299991183,
    0.21965636899994934,
    0.23306787699993947,
    0.21233710999990763,
    0.21575693799991313,
    0.21758735200000956
  ],
  "prusti-tests/tests/verify/pass/pure-fn/recursive-pure-fn.rs": [
    2.4814859860000524,
    0.16870855799993478,
    0.1648539279999568,
    0.17256438899994464,
    0.18108995899979163,
    0.192951254000036,
    0.18443138500015266,
    0.17034997199993995,
    0.17406170200001725,
    0.1823190689999592
  ],
  "prusti-tests/tests/verify/pass/pure-fn/ref-mut-arg.rs": [
    3.942950278999888,
    0.2088334830000349,
    0.21664583500000845,
    0.22061116100007894,
    0.21196750299986888,
    0.20503305700003693,
    0.22818010999981198,
    0.2057988630001546,
    0.20336864699993384,
    0.20740657300007115
  ],
  "prusti-tests/tests/verify/pass/rosetta/Ackermann_function.rs": [
    2.4319682020000073,
    0.24686123399987991,
    0.2479479410001204,
    0.2477097399998911,
    0.25884021400020174,
    0.24877014699995925,
    0.24698593500011157,
    0.25373716899980536,
    0.2474640759999147,
    0.2709302440000556
  ],
  "prusti-tests/tests/verify/pass/rosetta/Heapsort.rs": [
    13.028705173000162,
    1.115803716000073,
    1.1201436450000983,
    1.2180741580000358,
    1.111330389999921,
    1.1160668300001362,
    1.1267162230001304,
    1.113095304999888,
    1.1064518159998897,
    1.1521365659998537
  ]
}