{
  "prusti-tests/tests/verify/pass/rosetta/Knuth_shuffle.rs": [
    2.9531310549999716,
    0.37035713900002065,
    0.3581072629999653,
    0.36538040200002797,
    0.35543742799995925,
    0.3716022480000447,
    0.35819996999998693,
    0.3585985049999181,
    0.3633162200000015,
    0.3737968410000576
  ],
  "prusti-tests/tests/verify/pass/demos/account.rs": [
    2.4266131559999167,
    0.1388354050000089,
    0.13630008200004795,
    0.13380626299999676,
    0.13771900699998696,
    0.1348767570000291,
    0.13506857400000172,
    0.1302379490000476,
    0.13358874400000786,
    0.13081420000003163
  ],
  "prusti-tests/tests/verify/pass/rosetta/Knights_tour.rs": [
    95.54429434899998,
    2.754617747999987,
    2.6357784979999224,
    2.6747608030000265,
    2.778506579000009,
    2.708080979999977,
    2.6788860870000235,
    2.64027681999994,
    2.628429175000065,
    2.6609359739998126
  ],
  "prusti-tests/tests/verify/pass/quick/fold-unfold.rs": [
    1.3784921110000141,
    0.10620255399999223,
    0.10873347599999761,
    0.10634736700012581,
    0.10586102399997799,
    0.10529207400009,
    0.10765608199994858,
    0.10412146999988181,
    0.10494234299994787,
    0.10765748199992231
  ],
  "prusti-tests/tests/verify/pass/quick/moves.rs": [
    1.6036032380000051,
    0.09644499400019413,
    0.09784431799994309,
    0.09649439899999379,
    0.09719556100003501,
    0.09313630299993747,
    0.09487985600003412,
    0.09355144000005566,
    0.09786201900010383,
    0.09531039400008012
  ],
  "prusti-tests/tests/verify/pass/quick/mut-borrows.rs": [
    3.1942417999998725,
    0.1653665529997852,
    0.1666720670000359,
    0.1675161420000677,
    0.16243989500003408,
    0.1661080179999317,
    0.17064271699996425,
    0.16599180799994429,
    0.16915078600004563,
    0.17766353600018192
  ],
  "prusti-tests/tests/verify/pass/quick/shared-borrows.rs": [
    2.120642824000015,
    0.10878867400015224,
    0.10322568500009766,
    0.10087377700006073,
    0.10008280800002467,
    0.09605895400000009,
    0.10309277200008182,
    0.10624504999987039,
    0.1010919959999228,
    0.10101809000002504
  ],
  "prusti-tests/tests/verify/pass/quick/trait-contracts-refinement.rs": [
    1.9137158049998106,
    0.13947485699986828,
    0.14089638299992657,
    0.1437393350001912,
    0.1434225069999684,
    0.14136952500007283,
    0.1411265030001232,
    0.13484154700017825,
    0.14124911399994744,
    0.1495137459999114
  ],
  "prusti-tests/tests/verify/pass/quick/routes.rs": [
    5.892087728999968,
    0.3733422780001092,
    0.36883535600009054,
    0.3657860079999864,
    0.37456068099982076,
    0.37588179700014734,
    0.3667403919998833,
    0.37203665799984265,
    0.37515383300001304,
    0.38123716899985993
  ],
  "prusti-tests/tests/verify/pass/quick/fibonacci.rs": [
    0.4135596149999401,
    0.3839060029999928,
    0.39297330199997305,
    0.42101307099983387,
    0.3979157369999484,
    0.39819486200008214,
    0.4018090800000209,
    0.41375053199999456,
    0.39609477700014395,
    0.40034895100006906
  ],
  "prusti-tests/tests/verify/pass/pure-fn/len-lookup.rs": [
    4.029046216000097,
    0.22013781800001198,
    0.22911941399979696,
    0.23252901699993345,
    0.23300015799986795,
    0.22505125299994688,
    0.22931423099998938,
    0.22198948200002633,
    0.23228169399999388,
    0.23260102199992616
  ],
  "prusti-tests/tests/verify/pass/pure-fn/quantifiers.rs": [
    2.4439686850000726,
    0.2081537550000121,
    0.2151518760001636,
    0.21445501199991668,
    0.2169825480000327,
    0.20798175400000218,
    0.20930807100012316,
    0.2132182160000866,
    0.20365967299994736,
    0.20170210000014777
  ],
  "prusti-tests/tests/verify/pass/pure-fn/recursive-pure-fn.rs": [
    2.182048057999964,
    0.16303848799998377,
    0.16339151900001525,
    0.16519417799986513,
    0.1690171149998605,
    0.16258534800022062,
    0.16252364199999647,
    0.1599122120001084,
    0.17095698599996467,
    0.16086129500013158
  ],
  "prusti-tests/tests/verify/pass/pure-fn/ref-mut-arg.rs": [
    3.335918234000019,
    0.2106997500000034,
    0.20580952000000252,
    0.20317608799996378,
    0.19560792099991886,
    0.1960855629999969,
    0.21187745299994276,
    0.20622315599985086,
    0.20992578200002754,
    0.20259263599996302
  ],
  "prusti-tests/tests/verify/pass/rosetta/Ackermann_function.rs": [
    2.1934455089999574,
    0.2508099819999643,
    0.25645747799990204,
    0.2547064240000054,
    0.25516996500005007,
    0.2552583730000606,
    0.25271724899994297,
    0.24616567200018835,
    0.24884100799999942,
    0.2437859629999366
  ],
  "prusti-tests/tests/verify/pass/rosetta/Heapsort.rs": [
    11.404224745999954,
    1.1681436209998992,
    1.1840997269998752,
    1.1539884750000056,
    1.1637845379998453,
    1.177023902999963,
    1.1616231840000637,
    1.1183278430000883,
    1.0909923269998671,
    1.0975780090000171
  ]
}