{
  "prusti-tests/tests/verify/pass/rosetta/Knuth_shuffle.rs": [
    2.683821402999911,
    0.32389560199999323,
    0.32395450299998174,
    0.3268104210000047,
    0.3237422009999591,
    0.3241821039999877,
    0.3222644920000448,
    0.32377670200003195,
    0.32411430299998756,
    0.3214561859999776
  ],
  "prusti-tests/tests/verify/pass/demos/account.rs": [
    2.1998013749999927,
    0.1312424520000377,
    0.12797463100002915,
    0.1288284360000489,
    0.12786312999992333,
    0.12818873200001235,
    0.1275994279999395,
    0.1290371380000579,
    0.12950614099997892,
    0.12827243300000646
  ],
  "prusti-tests/tests/verify/pass/rosetta/Knights_tour.rs": [
    97.18817923200004,
    2.2018099269999993,
    2.194338873999982,
    2.1997462399999677,
    2.1975688139999647,
    2.1960407919999625,
    2.1969905040000413,
    2.2003209449999304,
    2.205125881000072,
    2.2015280939999684
  ],
  "prusti-tests/tests/verify/pass/quick/fold-unfold.rs": [
    1.2682736790000035,
    0.10212693799996941,
    0.1012706280000657,
    0.10023531499996352,
    0.09992191200001344,
    0.1010936259999653,
    0.10161863200005428,
    0.10080322199996772,
    0.09969910899997103,
    0.10034821700003249
  ],
  "prusti-tests/tests/verify/pass/quick/moves.rs": [
    1.5212881460000744,
    0.09885739900005319,
    0.09671957299997302,
    0.09787778600002639,
    0.09621716699996341,
    0.09668137199992088,
    0.09691397599999618,
    0.09715387799997188,
    0.09730888000001414,
    0.09740498100006789
  ],
  "prusti-tests/tests/verify/pass/quick/mut-borrows.rs": [
    2.9492989610000677,
    0.15629088399998636,
    0.15621728199994322,
    0.15449036099994373,
    0.1535952519999455,
    0.15527237100002367,
    0.15634158400007436,
    0.15632468399996924,
    0.1558690790000128,
    0.15733049599998594
  ],
  "prusti-tests/tests/verify/pass/quick/shared-borrows.rs": [
    1.846549155000048,
    0.09575875399991673,
    0.09639716200001658,
    0.09367022899994026,
    0.09336972500000229,
    0.09617345900005603,
    0.09527114900004108,
    0.09683396700006597,
    0.09569365300001209,
    0.09383353099997294
  ],
  "prusti-tests/tests/verify/pass/quick/trait-contracts-refinement.rs": [
    1.6026391719999538,
    0.13821938500007036,
    0.1383919859999878,
    0.13758887699998468,
    0.13626646000000164,
    0.13662176499997258,
    0.13804988200001844,
    0.13713717100006306,
    0.1352367479998975,
    0.136141858999963
  ],
  "prusti-tests/tests/verify/pass/quick/routes.rs": [
    5.187087406000046,
    0.33343346300000576,
    0.3378226160000395,
    0.3315935409999611,
    0.3303048559999979,
    0.33386865900001794,
    0.33362175699994623,
    0.33437336399993,
    0.33539747500003614,
    0.33490787000005184
  ],
  "prusti-tests/tests/verify/pass/quick/fibonacci.rs": [
    0.34519578000004003,
    0.3482415119999587,
    0.3490918210000018,
    0.3469283980000455,
    0.34875531700004103,
    0.34886801900006503,
    0.34927422299995214,
    0.3512980450000214,
    0.3498568290000321,
    0.3452716809999856
  ],
  "prusti-tests/tests/verify/pass/pure-fn/len-lookup.rs": [
    3.598302751999995,
    0.20827176800003144,
    0.20889037599999938,
    0.21095630000002075,
    0.21081449799999064,
    0.20939638099991953,
    0.20940068100003373,
    0.20921527899997727,
    0.21154530600006183,
    0.2101795910000419
  ],
  "prusti-tests/tests/verify/pass/pure-fn/quantifiers.rs": [
    2.1782630129999916,
    0.19124746599993614,
    0.18695311500005118,
    0.18591680300005464,
    0.18465568800002075,
    0.1855411980000099,
    0.18506109299994478,
    0.18831403199999386,
    0.1860728049999807,
    0.18364437600007477
  ],
  "prusti-tests/tests/verify/pass/pure-fn/recursive-pure-fn.rs": [
    1.9469838069999241,
    0.14617416400005823,
    0.14672717200005536,
    0.14437254300003133,
    0.1453619549999985,
    0.1452596540000286,
    0.14460364599995046,
    0.1464981679999937,
    0.1455548579999686,
    0.14512165199994342
  ],
  "prusti-tests/tests/verify/pass/pure-fn/ref-mut-arg.rs": [
    2.849508302000004,
    0.18127648899996984,
    0.17958716800001184,
    0.1795358680000163,
    0.17988907199992354,
    0.18041857799994432,
    0.18007707399999617,
    0.18031467699995574,
    0.17981547099998352,
    0.17925456399996165
  ],
  "prusti-tests/tests/verify/pass/rosetta/Ackermann_function.rs": [
    1.8620833799999446,
    0.2168113180000546,
    0.21313267300001826,
    0.21383218099992973,
    0.21284847000003992,
    0.2129995710000685,
    0.215821905000098,
    0.21371068000007654,
    0.2135052779999569,
    0.21318337299999257
  ],
  "prusti-tests/tests/verify/pass/rosetta/Heapsort.rs": [
    9.698832560000028,
    0.9383621629999652,
    0.9404950900000131,
    0.9456962540000404,
    0.942876720000072,
    0.9397526130001097,
    0.9433390389999659,
    0.9433645399999477,
    0.943043636000084,
    0.9429350339999019
  ]
}