{
  "prusti-tests/tests/verify/pass/rosetta/Knuth_shuffle.rs": [
    2.8215851090000115,
    0.3521606970000448,
    0.3514457910000601,
    0.35033558199995696,
    0.3548395180000625,
    0.35222031699993295,
    0.3540321909999875,
    0.3521379759999945,
    0.35219587699998556,
    0.3518920750000234
  ],
  "prusti-tests/tests/verify/pass/demos/account.rs": [
    2.2211853109999993,
    0.1294492199999695,
    0.1291512180000609,
    0.13027692800005752,
    0.1284391130000131,
    0.12933542000007492,
    0.12885581500006538,
    0.1298168229999419,
    0.1313442360000181,
    0.12838171199996395
  ],
  "prusti-tests/tests/verify/pass/rosetta/Knights_tour.rs": [
    92.22889045199997,
    2.6045080500000495,
    2.5757707390000633,
    2.5801379790000283,
    2.559537631000012,
    2.559962134999978,
    2.557027410999922,
    2.557307519999995,
    2.5645851700001003,
    2.561057001999984
  ],
  "prusti-tests/tests/verify/pass/quick/fold-unfold.rs": [
    1.266105146999962,
    0.09949455799994666,
    0.0995053580001013,
    0.09824824899999385,
    0.09879745299997467,
    0.10267298300004768,
    0.09906575499996961,
    0.09782524499996725,
    0.09726384100008545,
    0.09860925199996018
  ],
  "prusti-tests/tests/verify/pass/quick/moves.rs": [
    1.5045221640000364,
    0.09390781499996592,
    0.09396301599997514,
    0.09418591700000434,
    0.09510422500000004,
    0.09274720700000216,
    0.09158229700005904,
    0.0928958079999802,
    0.09208360200000243,
    0.09283640699993612
  ],
  "prusti-tests/tests/verify/pass/quick/mut-borrows.rs": [
    2.958848345000092,
    0.15917461300000468,
    0.15801090399986606,
    0.15866549299994404,
    0.15980850100004318,
    0.15986410200002865,
    0.15876209399993968,
    0.1607735089999096,
    0.15869189399995776,
    0.158860494999999
  ],
  "prusti-tests/tests/verify/pass/quick/shared-borrows.rs": [
    1.856610359999877,
    0.09325460099989868,
    0.09286809800005358,
    0.09245099500003562,
    0.09303339900020546,
    0.09247659499988004,
    0.0931490999998914,
    0.09411800700013373,
    0.0915831889999481,
    0.0951596160000463
  ],
  "prusti-tests/tests/verify/pass/quick/trait-contracts-refinement.rs": [
    1.7440200130001813,
    0.14114226100014093,
    0.1381244379999771,
    0.13902544500001568,
    0.13979005099986352,
    0.13926304799997524,
    0.13909094599989658,
    0.1402296539999952,
    0.14003055300008782,
    0.13927804700006163
  ],
  "prusti-tests/tests/verify/pass/quick/routes.rs": [
    5.333439369999951,
    0.3499858860000131,
    0.3494321820001005,
    0.348154372999943,
    0.3485341759999301,
    0.34818787299991527,
    0.34902377999992495,
    0.358800052000106,
    0.3503237889999582,
    0.3536068129999421
  ],
  "prusti-tests/tests/verify/pass/quick/fibonacci.rs": [
    0.3717265469999802,
    0.37594448000004377,
    0.3744878909999443,
    0.37417778899998666,
    0.37378808600010416,
    0.37259027799996147,
    0.3696835559999272,
    0.3744080909998502,
    0.3701728600001388,
    0.37077266400001463
  ],
  "prusti-tests/tests/verify/pass/pure-fn/len-lookup.rs": [
    3.644441969000127,
    0.2233916659999977,
    0.2148126009999487,
    0.21462270000006356,
    0.21490830200013988,
    0.21785072400007266,
    0.21453939899993202,
    0.21514155799991386,
    0.2186724680000225,
    0.21578924699997515
  ],
  "prusti-tests/tests/verify/pass/pure-fn/quantifiers.rs": [
    2.2388708510000015,
    0.2083667939998577,
    0.18869085299979815,
    0.19109097000000475,
    0.19006886299985126,
    0.19025996400000622,
    0.1895003590000215,
    0.19048106499985806,
    0.19088916800001243,
    0.18855915199992523
  ],
  "prusti-tests/tests/verify/pass/pure-fn/recursive-pure-fn.rs": [
    1.9145620269998744,
    0.14953607200004626,
    0.14730795600007696,
    0.1482906629998979,
    0.14999127600003703,
    0.1501372770001126,
    0.14707035500009624,
    0.14784766000002492,
    0.14893326800006434,
    0.14961517299980187
  ],
  "prusti-tests/tests/verify/pass/pure-fn/ref-mut-arg.rs": [
    2.9124846859999707,
    0.19189150700003665,
    0.19397761999994145,
    0.19108770200000436,
    0.19160460500006593,
    0.19557592999990447,
    0.19016629499992632,
    0.1917732059998798,
    0.19491292500015334,
    0.19901085099991178
  ],
  "prusti-tests/tests/verify/pass/rosetta/Ackermann_function.rs": [
    1.9107153859999926,
    0.23487703999990117,
    0.23214561899999353,
    0.23221692000015537,
    0.23157231499999398,
    0.23202501800005848,
    0.23221281900009672,
    0.23169171599988658,
    0.2334524269999747,
    0.23259642000016356
  ],
  "prusti-tests/tests/verify/pass/rosetta/Heapsort.rs": [
    10.173541017999923,
    1.0648302029999286,
    1.0603571700000884,
    1.061449378000134,
    1.0630143890000454,
    1.0600643669999954,
    1.0587085140000454,
    1.0601041639999949,
    1.0626264840000204,
    1.0594705599999088
  ]
}