{
  "prusti-tests/tests/verify/pass/rosetta/Knuth_shuffle.rs": [
    3.248053997999932,
    0.4087043099999619,
    0.40635235599995667,
    0.4144975899999963,
    0.41750758799992127,
    0.41789811299997837,
    0.41161690100000214,
    0.4073177190000479,
    0.4113675849999936,
    0.4109067550000418
  ],
  "prusti-tests/tests/verify/pass/demos/account.rs": [
    2.7861883699999908,
    0.14878046000001177,
    0.14736806700000216,
    0.1435916199999383,
    0.14611668500003816,
    0.1514623360000087,
    0.1501920529999552,
    0.14919016499993631,
    0.1525488930000165,
    0.1491446680000763
  ],
  "prusti-tests/tests/verify/pass/rosetta/Knights_tour.rs": [
    112.14403992899997,
    3.0357706400000097,
    3.0400820230001955,
    3.130668508999861,
    3.0443949350001276,
    3.061612169,
    3.0473283930000434,
    3.032984234999958,
    3.093949242000008,
    3.0550701209999716
  ],
  "prusti-tests/tests/verify/pass/quick/fold-unfold.rs": [
    1.6211687659999825,
    0.11285811900006593,
    0.1188461130000178,
    0.11864029899993511,
    0.11426321099997949,
    0.11725570799990237,
    0.11266520499998478,
    0.11649915799989685,
    0.11380988199994135,
    0.11438501900011033
  ],
  "prusti-tests/tests/verify/pass/quick/moves.rs": [
    1.9638939469998604,
    0.11111123399996359,
    0.11002686200004064,
    0.10928871400005846,
    0.10810603599998103,
    0.11076080999987425,
    0.11174767600004998,
    0.10858536699993238,
    0.11982800900000257,
    0.1179426850001164
  ],
  "prusti-tests/tests/verify/pass/quick/mut-borrows.rs": [
    3.927636833999941,
    0.19199767200007045,
    0.18781429599994226,
    0.19546740099985982,
    0.1841245529999469,
    0.1880633119999402,
    0.19156034299999192,
    0.19050727400008327,
    0.19121141999994506,
    0.2015577030001623
  ],
  "prusti-tests/tests/verify/pass/quick/shared-borrows.rs": [
    2.5016718960000617,
    0.11272612600009779,
    0.10845634399993287,
    0.10719526100001531,
    0.11350087599998915,
    0.10654071799990561,
    0.10893647599982614,
    0.10827143200003775,
    0.10902098199994725,
    0.11273902700008875
  ],
  "prusti-tests/tests/verify/pass/quick/trait-contracts-refinement.rs": [
    2.2308162519998405,
    0.16183916099998896,
    0.16375618799997937,
    0.1668890939999983,
    0.1609531029998834,
    0.16098850499997752,
    0.16040196699987064,
    0.1636178789999576,
    0.1578915009999946,
    0.158506442000089
  ],
  "prusti-tests/tests/verify/pass/quick/routes.rs": [
    6.688182732000087,
    0.4119156579999981,
    0.4178217500000301,
    0.40813020700011293,
    0.42250486100010676,
    0.414434626000002,
    0.415776213999834,
    0.4319014860000152,
    0.41994130900002347,
    0.42149610399997073
  ],
  "prusti-tests/tests/verify/pass/quick/fibonacci.rs": [
    0.4545073820002017,
    0.4521348250000301,
    0.460327265999922,
    0.44434311100008017,
    0.44272770399993533,
    0.45963652000000366,
    0.462272793000011,
    0.44267300100000284,
    0.47184182499995586,
    0.4457361029999447
  ],
  "prusti-tests/tests/verify/pass/pure-fn/len-lookup.rs": [
    4.936410489000082,
    0.2572657440000512,
    0.2718680050002149,
    0.2655222870000671,
    0.26268229999982395,
    0.2528127499999755,
    0.2595238919998337,
    0.261980253000047,
    0.2667130659999657,
    0.24940322600014042
  ],
  "prusti-tests/tests/verify/pass/pure-fn/quantifiers.rs": [
    2.890793786000131,
    0.2198277780000808,
    0.23749324200002775,
    0.21971572899997227,
    0.23426659999995536,
    0.23879739899984997,
    0.22834610799986876,
    0.2208565120001822,
    0.22105052500000966,
    0.23632493599984628
  ],
  "prusti-tests/tests/verify/pass/pure-fn/recursive-pure-fn.rs": [
    2.4133877750000465,
    0.19188579499996194,
    0.17890103599984286,
    0.1825441769999543,
    0.19281885700002022,
    0.1717946670000856,
    0.17458855099994253,
    0.17594074100020407,
    0.1760932510001112,
    0.17436153600010584
  ],
  "prusti-tests/tests/verify/pass/pure-fn/ref-mut-arg.rs": [
    3.6550030700000207,
    0.2281797320001715,
    0.22184061500001917,
    0.22032271500006573,
    0.21977887799994278,
    0.22045222300016576,
    0.22026010999979917,
    0.22590158200000587,
    0.22882947500011142,
    0.22174920800011932
  ],
  "prusti-tests/tests/verify/pass/rosetta/Ackermann_function.rs": [
    2.470986986000071,
    0.27355202199987616,
    0.27664532499989036,
    0.2622627769999326,
    0.27297698300003503,
    0.27345621500012385,
    0.27758568700005526,
    0.2686300970001412,
    0.26967016599996896,
    0.26985073499986356
  ],
  "prusti-tests/tests/verify/pass/rosetta/Heapsort.rs": [
    12.925578091000034,
    1.2471846890000506,
    1.253547608999952,
    1.253680784999915,
    1.262552851999999,
    1.2492165730000124,
    1.2721597859999747,
    1.2661951929999304,
    1.2920192950000455,
    1.281821685000068
  ]
}