{
  "prusti-tests/tests/verify/pass/rosetta/Knuth_shuffle.rs": [
    2.5598469560000012,
    0.31971378000002915,
    0.31497265699999843,
    0.314990957999953,
    0.31416645299998436,
    0.31738746899998205,
    0.31774027100004787,
    0.31702826799994455,
    0.31539535900003557,
    0.31670326599999044
  ],
  "prusti-tests/tests/verify/pass/demos/account.rs": [
    2.0959163619999117,
    0.12462731599998733,
    0.13037934500005122,
    0.12606212299999697,
    0.1248920169999792,
    0.12435021399994639,
    0.12503931799994916,
    0.12597122300007868,
    0.1272406289999708,
    0.12461211600009392
  ],
  "prusti-tests/tests/verify/pass/rosetta/Knights_tour.rs": [
    98.38717592500007,
    2.1721092080000517,
    2.1673266620000504,
    2.1659318040000244,
    2.166738224000028,
    2.1656947199999195,
    2.175690044000021,
    2.1784227470000133,
    2.1688457120000066,
    2.169079413000077
  ],
  "prusti-tests/tests/verify/pass/quick/fold-unfold.rs": [
    1.2696418439999206,
    0.09484269000006407,
    0.09407808699995712,
    0.09443278799994914,
    0.09499778999997943,
    0.0938865859999396,
    0.09384348600008252,
    0.0957015929999443,
    0.09390708599994468,
    0.0942867879999767
  ],
  "prusti-tests/tests/verify/pass/quick/moves.rs": [
    1.4787377730000344,
    0.09247528000003058,
    0.08867996399999356,
    0.09036217099992427,
    0.08961296899997251,
    0.08981516899996222,
    0.08984546900001078,
    0.09112467500006005,
    0.09270958100000826,
    0.09164897599998767
  ],
  "prusti-tests/tests/verify/pass/quick/mut-borrows.rs": [
    2.995848904000013,
    0.14863091000006534,
    0.14755550600000333,
    0.14817640800004028,
    0.1490691120000065,
    0.1476164069999868,
    0.14848660999996355,
    0.14638870099997803,
    0.14930171399998926,
    0.14876791100004993
  ],
  "prusti-tests/tests/verify/pass/quick/shared-borrows.rs": [
    1.8280939529998932,
    0.08913907600003768,
    0.08851917200001935,
    0.0896643790000553,
    0.08896867399994335,
    0.09037508199992317,
    0.09252969399994981,
    0.08937437700001283,
    0.08930997599998136,
    0.08786316800001259
  ],
  "prusti-tests/tests/verify/pass/quick/trait-contracts-refinement.rs": [
    1.556933001999937,
    0.13083969800004525,
    0.1298807929999839,
    0.13095209899995552,
    0.13040919500008386,
    0.1311272990000134,
    0.13204180399998222,
    0.12953459100003784,
    0.1319951039999978,
    0.13179690300000857
  ],
  "prusti-tests/tests/verify/pass/quick/routes.rs": [
    5.1677725970000665,
    0.3262877939999953,
    0.3250074880000966,
    0.3225617759999295,
    0.32565419100001236,
    0.32318347800003266,
    0.32455628500008515,
    0.3259971920000453,
    0.3249594879999904,
    0.3238906820000693
  ],
  "prusti-tests/tests/verify/pass/quick/fibonacci.rs": [
    0.3384866530000181,
    0.3372284470000295,
    0.3397452599999724,
    0.33586504100003367,
    0.3365852439999344,
    0.33921515700001237,
    0.33612174199993206,
    0.33501773600005436,
    0.33613428899991504,
    0.33820542199998727
  ],
  "prusti-tests/tests/verify/pass/pure-fn/len-lookup.rs": [
    3.601261958000009,
    0.2029135729999325,
    0.20463419099996827,
    0.20569990299998153,
    0.20752192199995534,
    0.20180036099998233,
    0.20171546000005947,
    0.20628931299995656,
    0.2037588330000517,
    0.20335223099993982
  ],
  "prusti-tests/tests/verify/pass/pure-fn/quantifiers.rs": [
    2.182845690000022,
    0.18392564700002367,
    0.179399220999926,
    0.1787106169999788,
    0.17780751200007217,
    0.18023652600004425,
    0.18071372899999005,
    0.1797844239999904,
    0.17864831700001105,
    0.1796058229999744
  ],
  "prusti-tests/tests/verify/pass/pure-fn/recursive-pure-fn.rs": [
    1.882040413000027,
    0.13994069599993963,
    0.13901799099994605,
    0.13789798499999506,
    0.13697147900006712,
    0.13846528800002034,
    0.13941759400006504,
    0.1397440960000722,
    0.13692237999998724,
    0.13911959200004276
  ],
  "prusti-tests/tests/verify/pass/pure-fn/ref-mut-arg.rs": [
    2.81326871400006,
    0.17210377999992943,
    0.1716478680000364,
    0.17475898400005008,
    0.1716911670000627,
    0.17191406899996764,
    0.17038186000002042,
    0.17193726899995454,
    0.17142096600002787,
    0.17190716799996153
  ],
  "prusti-tests/tests/verify/pass/rosetta/Ackermann_function.rs": [
    1.87314805099993,
    0.2073184680000395,
    0.20826857299994117,
    0.20705806599994503,
    0.20639666299996406,
    0.20951838100006626,
    0.206132561000004,
    0.20820877300002394,
    0.2091844779999974,
    0.20633576299997003
  ],
  "prusti-tests/tests/verify/pass/rosetta/Heapsort.rs": [
    9.553465607000021,
    0.9248718730000292,
    0.9279969489999758,
    0.9246475959999998,
    0.9231272880000461,
    0.9225828840000077,
    0.9220483820000709,
    0.9245109949999915,
    0.9225528839999697,
    0.9195038679999925
  ]
}