{
  "prusti-tests/tests/verify/pass/rosetta/Knuth_shuffle.rs": [
    3.4978652940000075,
    0.38698740699999234,
    0.38971646100003454,
    0.3750437719999127,
    0.3989422419999755,
    0.39678490000005695,
    0.3922536100000116,
    0.3841766520000647,
    0.3887264420000065,
    0.38227551400007087
  ],
  "prusti-tests/tests/verify/pass/demos/account.rs": [
    2.8256761999999753,
    0.14609698000003846,
    0.13997349299995676,
    0.1491604230000121,
    0.142395826999973,
    0.14180831900000612,
    0.1433652409999695,
    0.15399029200000314,
    0.1514113550000502,
    0.16613106400006927
  ],
  "prusti-tests/tests/verify/pass/rosetta/Knights_tour.rs": [
    124.19026635099999,
    2.554542574999914,
    2.485334336000051,
    2.5498265100000026,
    2.4426656949999597,
    2.4618337869999323,
    2.5089155630000732,
    2.5013958130000447,
    2.425489182000092,
    2.618881373000022
  ],
  "prusti-tests/tests/verify/pass/quick/fold-unfold.rs": [
    1.482850684999903,
    0.12262723899993944,
    0.11749433599993608,
    0.1084631570001875,
    0.10408656999993582,
    0.1036929610002062,
    0.10875176300010025,
    0.10400116799996795,
    0.10626691299989943,
    0.10795174700001553
  ],
  "prusti-tests/tests/verify/pass/quick/moves.rs": [
    1.6888068429998384,
    0.10248656299995673,
    0.09603033400003369,
    0.10525022000001627,
    0.10033522100002301,
    0.09817777700004626,
    0.10457000499991409,
    0.11022952000007535,
    0.10735856199994487,
    0.11148754500004543
  ],
  "prusti-tests/tests/verify/pass/quick/mut-borrows.rs": [
    3.330632465000008,
    0.16271727599996666,
    0.15765857399992456,
    0.16124584699991829,
    0.16691496099997494,
    0.16721716699998979,
    0.17326258899993263,
    0.17418380699996305,
    0.18056973600005222,
    0.17628524900010234
  ],
  "prusti-tests/tests/verify/pass/quick/shared-borrows.rs": [
    2.0349723449999146,
    0.09864694199995938,
    0.10170437700003276,
    0.09984588700012864,
    0.10577278799996748,
    0.10436036399983095,
    0.10142177200009428,
    0.09921165199989446,
    0.09524027600014051,
    0.09813975400015806
  ],
  "prusti-tests/tests/verify/pass/quick/trait-contracts-refinement.rs": [
    1.8405332699999235,
    0.14527709900016816,
    0.14885687000014514,
    0.146470521999845,
    0.1453858009999749,
    0.14756514400005472,
    0.1421972379998806,
    0.1467600290000064,
    0.1475067440001112,
    0.14838186099996165
  ],
  "prusti-tests/tests/verify/pass/quick/routes.rs": [
    6.280870985000092,
    0.3605721399999311,
    0.36997933299994656,
    0.3717142139998941,
    0.39797131799991803,
    0.3832850030000827,
    0.3851247959999,
    0.38385406999987026,
    0.37833776000002217,
    0.38232804000017495
  ],
  "prusti-tests/tests/verify/pass/quick/fibonacci.rs": [
    0.40711763600006634,
    0.4019443320000846,
    0.4130247529999451,
    0.39975798799991935,
    0.39721523699995487,
    0.4086392340000202,
    0.37444343700008176,
    0.37796437999986665,
    0.3755980509999972,
    0.3815192229999411
  ],
  "prusti-tests/tests/verify/pass/pure-fn/len-lookup.rs": [
    4.313205903999915,
    0.22649075300000732,
    0.24234396400015612,
    0.249342501000001,
    0.24190475499995046,
    0.24410359899979994,
    0.23117834499998935,
    0.24979630999996516,
    0.2234861929998715,
    0.23293806800006678
  ],
  "prusti-tests/tests/verify/pass/pure-fn/quantifiers.rs": [
    2.6036754439999186,
    0.22368248599991603,
    0.2062416429998848,
    0.20667095099997823,
    0.2077416719998837,
    0.2089704970001094,
    0.20279187500000262,
    0.20578813399993123,
    0.20910279899999296,
    0.21394219400008296
  ],
  "prusti-tests/tests/verify/pass/pure-fn/recursive-pure-fn.rs": [
    2.3133118509999804,
    0.1776013819999207,
    0.1701461359998575,
    0.1625454869999885,
    0.17485922800005937,
    0.17197657099995922,
    0.16996081299998878,
    0.1654716109999299,
    0.1710069079999812,
    0.17028819600000134
  ],
  "prusti-tests/tests/verify/pass/pure-fn/ref-mut-arg.rs": [
    3.664480666999907,
    0.21739272499985418,
    0.19978121500003,
    0.20431339400010984,
    0.20322247500007506,
    0.20951408500013713,
    0.2129796469998837,
    0.20564371799991932,
    0.20125595600006818,
    0.20253390699986085
  ],
  "prusti-tests/tests/verify/pass/rosetta/Ackermann_function.rs": [
    2.224557232000052,
    0.25209956999992755,
    0.23940419999985352,
    0.23555844800011982,
    0.24686429899998075,
    0.2566061290001471,
    0.2556201160000455,
    0.24902812800019092,
    0.2534723880000911,
    0.2639950279999539
  ],
  "prusti-tests/tests/verify/pass/rosetta/Heapsort.rs": [
    12.847686747999887,
    1.1696629929999744,
    1.1557124720000047,
    1.165094937000049,
    1.152737587999809,
    1.1480894559999797,
    1.1657793559998026,
    1.1446371580000232,
    1.1649441330000627,
    1.1554676810001183
  ]
}