{
  "prusti-tests/tests/verify/pass/rosetta/Knuth_shuffle.rs": [
    2.224069554000039,
    1.9980220099999997,
    1.9668442799999184,
    1.913705461999939,
    1.8922091000000592,
    1.9319844589999775,
    1.8993953379999766,
    1.9888792719999628,
    1.8773720350000076,
    1.935803410999938
  ],
  "prusti-tests/tests/verify/pass/demos/account.rs": [
    1.722484054000006,
    1.7466309439998895,
    1.7276226090000364,
    1.7600407119999772,
    1.7083552560000044,
    1.7428975599999603,
    1.7351625259999537,
    1.7387650379999968,
    1.7205189960000098,
    1.716008034999959
  ],
  "prusti-tests/tests/verify/pass/rosetta/Knights_tour.rs": [
    112.10503588800009,
    112.33645107800021,
    113.16036188599992,
    110.47320834399989,
    109.06810119400006,
    109.92508865200011,
    109.51508045900005,
    106.32766310400007,
    109.55590522800003,
    109.36004578999996
  ],
  "prusti-tests/tests/verify/pass/quick/fold-unfold.rs": [
    1.1608296480003446,
    1.1496899429998848,
    1.151068731000123,
    1.1416649119996691,
    1.135544464999839,
    1.1387887360001514,
    1.135780461000195,
    1.1428934999999,
    1.1528976139998122,
    1.1458690750000642
  ],
  "prusti-tests/tests/verify/pass/quick/moves.rs": [
    1.3833885379999629,
    1.379389473000174,
    1.3804524619999938,
    1.37498640900003,
    1.3971344190003947,
    1.3927894559997185,
    1.3775326869999844,
    1.383671134999986,
    1.3879123060000893,
    1.3834566440000344
  ],
  "prusti-tests/tests/verify/pass/quick/mut-borrows.rs": [
    2.7120745580000403,
    2.708366988000307,
    2.7276987099999133,
    2.71413772599999,
    2.702856301999873,
    2.7075283539998054,
    2.710401329999968,
    2.7019187220003005,
    2.733000427999741,
    2.700700504999986
  ],
  "prusti-tests/tests/verify/pass/quick/shared-borrows.rs": [
    1.7160043630001383,
    1.721730965000006,
    1.75970292699958,
    1.7305575790001058,
    1.7268893099999332,
    1.7364302420000968,
    1.7216491270000915,
    1.7094825320000382,
    1.7359820040001068,
    1.7207029349997356
  ],
  "prusti-tests/tests/verify/pass/quick/trait-contracts-refinement.rs": [
    1.550821494000047,
    1.5261866069999996,
    1.526975599999787,
    1.5079184629998963,
    1.5306216680000944,
    1.5029575050002677,
    1.4982741469998473,
    1.513333418000002,
    1.5019291150001663,
    1.5145182070000374
  ],
  "prusti-tests/tests/verify/pass/quick/routes.rs": [
    4.512063881999893,
    4.34485701199992,
    4.169187707000219,
    4.085375103999922,
    4.103722759999982,
    4.087904412000171,
    4.083580455000174,
    4.118842452000081,
    4.104957904999992,
    4.234541876000094
  ],
  "prusti-tests/tests/verify/pass/quick/fibonacci.rs": [
    5.3728700610004125,
    5.3102188440002465,
    5.290060189000087,
    5.29592013499996,
    5.283115745000032,
    5.282128366999586,
    5.31928313599974,
    5.384866735999822,
    5.2435392249999495,
    5.23038243100018
  ],
  "prusti-tests/tests/verify/pass/pure-fn/len-lookup.rs": [
    3.114975527000297,
    3.1440539459999854,
    3.101414016000035,
    3.0968461140000727,
    3.0825053989997286,
    3.1034959160001563,
    3.103257682000276,
    3.160907875999783,
    3.143145886000184,
    3.1049597450000874
  ],
  "prusti-tests/tests/verify/pass/pure-fn/quantifiers.rs": [
    1.9051726760003476,
    1.8857785169998351,
    1.8873252230000617,
    1.8994160100000954,
    1.8766566239996791,
    1.8859044370001357,
    1.8810665320002045,
    1.8726099969999268,
    1.901544746000127,
    1.9078102920002493
  ],
  "prusti-tests/tests/verify/pass/pure-fn/recursive-pure-fn.rs": [
    1.686616820999916,
    1.704214260000299,
    1.6848194399999556,
    1.683690254999874,
    1.681176503000188,
    1.6907888159998947,
    1.6759643949999372,
    1.6818124359997455,
    1.6868257860000995,
    1.700666285999887
  ],
  "prusti-tests/tests/verify/pass/pure-fn/ref-mut-arg.rs": [
    2.4904959689997668,
    2.4698521159998563,
    2.498165077000067,
    2.496953224999743,
    2.4790250959999867,
    2.4669602029998714,
    2.4878052809999645,
    2.48702910899965,
    2.4933374619999995,
    2.5086971350001477
  ],
  "prusti-tests/tests/verify/pass/rosetta/Ackermann_function.rs": [
    1.742729502000202,
    1.7383849360003296,
    1.7166258079996624,
    1.7309462950001944,
    1.7260820629999216,
    1.7111456329998873,
    1.7089312519997293,
    1.7258923059998779,
    1.7196795949998886,
    1.7048721569999543
  ],
  "prusti-tests/tests/verify/pass/rosetta/Heapsort.rs": [
    9.524238578000222,
    9.448223182999754,
    9.405398901999888,
    9.394789285000115,
    9.433961805000308,
    9.418244132999916,
    9.418702124000447,
    9.472184230000039,
    9.433625690999634,
    9.456713441000375
  ]
}