{
  "prusti-tests/tests/verify/pass/rosetta/Knuth_shuffle.rs": [
    3.4991064299999834,
    0.43090387600000213,
    0.44835938400001396,
    0.43936712499998976,
    0.4360715039999832,
    0.46861860599995,
    0.44526916100005565,
    0.43773021399999834,
    0.4277923519999831,
    0.43599340299999767
  ],
  "prusti-tests/tests/verify/pass/demos/account.rs": [
    2.8568276120000746,
    0.14977812899996934,
    0.1511395369999491,
    0.14924572500001432,
    0.15754017699998712,
    0.15619366800001444,
    0.15295804800007318,
    0.1590008850000686,
    0.15925698699993518,
    0.15632026900004803
  ],
  "prusti-tests/tests/verify/pass/rosetta/Knights_tour.rs": [
    121.89693722800007,
    3.338437671999827,
    3.304518964999943,
    3.314372413000001,
    3.40907250500004,
    3.277100899999823,
    3.2327939340000285,
    3.2786338200000955,
    3.3953664910000043,
    3.223050125999862
  ],
  "prusti-tests/tests/verify/pass/quick/fold-unfold.rs": [
    1.6030488119999973,
    0.11795753000001241,
    0.12558957699980056,
    0.11679202300001634,
    0.11906013599991638,
    0.11543651399983901,
    0.11452360800012684,
    0.11535331400000359,
    0.11757662800005164,
    0.11855203400000391
  ],
  "prusti-tests/tests/verify/pass/quick/moves.rs": [
    1.8391102790001241,
    0.11123108800006776,
    0.10822217000009005,
    0.10870737300001565,
    0.11266929700013861,
    0.11683982299996387,
    0.1150334120000025,
    0.11198079299992969,
    0.11047778300007849,
    0.11181139199993595
  ],
  "prusti-tests/tests/verify/pass/quick/mut-borrows.rs": [
    3.8028579320000517,
    0.19125848500016218,
    0.20307835799985696,
    0.2097323000000415,
    0.20860099299989088,
    0.20467096799984574,
    0.20361316200001056,
    0.20312575899993135,
    0.201310648000117,
    0.19018827900003998
  ],
  "prusti-tests/tests/verify/pass/quick/shared-borrows.rs": [
    2.3902367150001282,
    0.12220675699995809,
    0.10963417900006789,
    0.11428170800013504,
    0.11475381099990045,
    0.10799726899995221,
    0.11053328499997406,
    0.12965910399998393,
    0.11885683600007724,
    0.11064848599994548
  ],
  "prusti-tests/tests/verify/pass/quick/trait-contracts-refinement.rs": [
    2.194834204000017,
    0.1743745809999382,
    0.17379077800001141,
    0.1646907200001806,
    0.16634512899986476,
    0.17190346300003512,
    0.16798613900004966,
    0.1670323329999519,
    0.17916440800013334,
    0.19128838300002826
  ],
  "prusti-tests/tests/verify/pass/quick/routes.rs": [
    6.985788912000089,
    0.4469327939998493,
    0.4280745759999718,
    0.43727523399979873,
    0.4371068320001541,
    0.4260770630000934,
    0.42711286999997355,
    0.45350943399989774,
    0.43026778899979945,
    0.4343718150000768
  ],
  "prusti-tests/tests/verify/pass/quick/fibonacci.rs": [
    0.5062464640000144,
    0.4646998050000093,
    0.45845866600006957,
    0.4515885220000655,
    0.4777105859998301,
    0.4543717409999317,
    0.45682475600006,
    0.4878145489999497,
    0.47790918000009697,
    0.4653496930000074
  ],
  "prusti-tests/tests/verify/pass/pure-fn/len-lookup.rs": [
    4.919989487999828,
    0.2631069359999856,
    0.28870419500003663,
    0.2591981119999218,
    0.2627130329999545,
    0.24956465200011735,
    0.2576078009999492,
    0.25471628300010707,
    0.2535258759999124,
    0.2628580339999189
  ],
  "prusti-tests/tests/verify/pass/pure-fn/quantifiers.rs": [
    2.8876415269999143,
    0.22853721000001315,
    0.2463772199998857,
    0.22860721099982584,
    0.24504871200019807,
    0.2485894339999959,
    0.23918027600007008,
    0.24348600299981626,
    0.23869187399986913,
    0.239905680999982
  ],
  "prusti-tests/tests/verify/pass/pure-fn/recursive-pure-fn.rs": [
    2.5584009910000987,
    0.18100731699996686,
    0.18099921800012453,
    0.18582564899998033,
    0.1812308219998613,
    0.1817652250001629,
    0.17490668199980064,
    0.17028755399996953,
    0.16938284800016845,
    0.176919794000014
  ],
  "prusti-tests/tests/verify/pass/pure-fn/ref-mut-arg.rs": [
    3.7686823179999465,
    0.25029314900007194,
    0.23772567099990738,
    0.2375834700001178,
    0.24230419999980768,
    0.23665276399992763,
    0.24167209500001263,
    0.22699280400001953,
    0.24380070799998066,
    0.23140823199992155
  ],
  "prusti-tests/tests/verify/pass/rosetta/Ackermann_function.rs": [
    2.5386462480000773,
    0.29217254200011666,
    0.2906609330000265,
    0.3109689539999181,
    0.32338062799999534,
    0.2968272690000049,
    0.29055683299998236,
    0.28686650999998164,
    0.29284594599994307,
    0.29989838799997415
  ],
  "prusti-tests/tests/verify/pass/rosetta/Heapsort.rs": [
    14.41369481400011,
    1.4762309879999975,
    1.3594923690000087,
    1.3560461480001322,
    1.337246135999976,
    1.388132478999978,
    1.3451711139998679,
    1.324104583999997,
    1.408846806999918,
    1.3627334220000193
  ]
}