{
  "prusti-tests/tests/verify/pass/rosetta/Knuth_shuffle.rs": [
    2.6867146460000413,
    0.3443505069999446,
    0.340509462,
    0.33943834799993056,
    0.34659773499993207,
    0.3411960700000236,
    0.34134857200001534,
    0.34230138299994906,
    0.3386465400000134,
    0.3427313880000611
  ],
  "prusti-tests/tests/verify/pass/demos/account.rs": [
    2.1298110159999624,
    0.1373398549999365,
    0.12511360700000296,
    0.12331528499998967,
    0.12130346100002498,
    0.1232230849999496,
    0.12388249299999643,
    0.12291708000009294,
    0.1256006129999605,
    0.12638512299997728
  ],
  "prusti-tests/tests/verify/pass/rosetta/Knights_tour.rs": [
    91.09795045299995,
    2.4843209489999936,
    2.4925589069999887,
    2.487618098999974,
    2.4940360790000113,
    2.4904680710000093,
    2.48560675300007,
    2.4906595119999793,
    2.4865560240000377,
    2.486927077999894
  ],
  "prusti-tests/tests/verify/pass/quick/fold-unfold.rs": [
    1.264394707000065,
    0.0950076930000705,
    0.09654010899998866,
    0.09786572200005139,
    0.09591670199995406,
    0.09499759300001642,
    0.09878563099994153,
    0.09464848899995104,
    0.09606240299990532,
    0.09442428599993491
  ],
  "prusti-tests/tests/verify/pass/quick/moves.rs": [
    1.4595559460000231,
    0.09145725600001242,
    0.08980483900006675,
    0.08955113599995457,
    0.09024254199994175,
    0.09133985400001166,
    0.0917794590000085,
    0.08991053900001589,
    0.09106835199997931,
    0.09047514500002762
  ],
  "prusti-tests/tests/verify/pass/quick/mut-borrows.rs": [
    2.943875552999998,
    0.15580171299995982,
    0.1545767979999937,
    0.15311548099998618,
    0.1533036829999901,
    0.15360428600001796,
    0.15310738100004073,
    0.1562670179999941,
    0.15597941400005766,
    0.1542742950000502
  ],
  "prusti-tests/tests/verify/pass/quick/shared-borrows.rs": [
    1.8221805959999529,
    0.09028125000008913,
    0.0890717360000508,
    0.09076415599997745,
    0.09004394700002649,
    0.09022345000005316,
    0.08943113999998786,
    0.0869015110000646,
    0.08900323599993953,
    0.09062505400004284
  ],
  "prusti-tests/tests/verify/pass/quick/trait-contracts-refinement.rs": [
    1.6946764130000247,
    0.1345441649999657,
    0.13446496400001706,
    0.13386855799990371,
    0.13392156099996555,
    0.13511377399993307,
    0.13426236500004052,
    0.13637769000001754,
    0.13584268299996438,
    0.1345346679999011
  ],
  "prusti-tests/tests/verify/pass/quick/routes.rs": [
    5.236751525000045,
    0.3377739359999623,
    0.3366396229999964,
    0.3397856590000856,
    0.34074137100003554,
    0.33629331899999215,
    0.34069823499999075,
    0.34064315600005557,
    0.33841752900002575,
    0.3410935619999691
  ],
  "prusti-tests/tests/verify/pass/quick/fibonacci.rs": [
    0.36428664499999286,
    0.3640672420000328,
    0.3636440370000855,
    0.3638598399999182,
    0.3687168980000024,
    0.359223482999937,
    0.36305702899994685,
    0.36149471100009123,
    0.3640114410000024,
    0.360803801999964
  ],
  "prusti-tests/tests/verify/pass/pure-fn/len-lookup.rs": [
    3.63649447399996,
    0.2098674100000153,
    0.20866689700005736,
    0.20959410800003297,
    0.2115285300000096,
    0.2102916159999495,
    0.21098552399996606,
    0.20886039900005926,
    0.20998371199993926,
    0.2091017010000087
  ],
  "prusti-tests/tests/verify/pass/pure-fn/quantifiers.rs": [
    2.20325225900001,
    0.19881867800006603,
    0.19209519800006092,
    0.1835127960000591,
    0.18516371600003367,
    0.18633872899999915,
    0.18778474599992023,
    0.18657803199994305,
    0.1869675369999868,
    0.18525321599997824
  ],
  "prusti-tests/tests/verify/pass/pure-fn/recursive-pure-fn.rs": [
    1.9034476990000258,
    0.14414967400000478,
    0.14607739799998853,
    0.14736761399990428,
    0.14662340500001392,
    0.14548079000007874,
    0.14532328899997538,
    0.143565566999996,
    0.142784658000096,
    0.1473245140000472
  ],
  "prusti-tests/tests/verify/pass/pure-fn/ref-mut-arg.rs": [
    2.8635263460000715,
    0.188620922000041,
    0.18883612399997673,
    0.18715220299998236,
    0.188817323999956,
    0.18833271799996965,
    0.18800281400001495,
    0.1880000140000675,
    0.18853212100009387,
    0.18736110600002576
  ],
  "prusti-tests/tests/verify/pass/rosetta/Ackermann_function.rs": [
    1.9484091819999776,
    0.22626600900002813,
    0.22751894800001082,
    0.22468511299996408,
    0.225971028999993,
    0.22570792599992728,
    0.22790435299998535,
    0.228043355000068,
    0.22559542400006194,
    0.22495371599995906
  ],
  "prusti-tests/tests/verify/pass/rosetta/Heapsort.rs": [
    10.20205717400006,
    1.0324947640000346,
    1.0297822300000234,
    1.0298993320000136,
    1.0348367500000677,
    1.0285486269999637,
    1.0312668599999597,
    1.0353114079999841,
    1.0315495620000092,
    1.0287156289999757
  ]
}