{
  "prusti-tests/tests/verify/pass/rosetta/Knuth_shuffle.rs": [
    3.1636891529999502,
    0.41802797799994096,
    0.41003136300003007,
    0.4181645840000101,
    0.4220139359999848,
    0.41425782999999683,
    0.41420492800000375,
    0.421847128999957,
    0.41284277399995517,
    0.4062984160000269
  ],
  "prusti-tests/tests/verify/pass/demos/account.rs": [
    2.6906967269999313,
    0.15262612599997283,
    0.1453398380000408,
    0.14595476299996335,
    0.1453512389999787,
    0.14732711599992854,
    0.14900648299999375,
    0.16105855900002553,
    0.14956490500003383,
    0.14820635199998833
  ],
  "prusti-tests/tests/verify/pass/rosetta/Knights_tour.rs": [
    108.32674047599994,
    3.02660881099996,
    2.981677725000054,
    2.9302312000002075,
    2.9763956950000647,
    2.976032774999794,
    2.947407749999911,
    2.9691833199999564,
    3.020715947000099,
    3.0247045989999606
  ],
  "prusti-tests/tests/verify/pass/quick/fold-unfold.rs": [
    1.5776729660001365,
    0.11242832299990368,
    0.10862907399996402,
    0.11126947699995071,
    0.1122815169999285,
    0.11380627700009427,
    0.10982652100005907,
    0.1107466570001634,
    0.11438610000004701,
    0.11286074000008739
  ],
  "prusti-tests/tests/verify/pass/quick/moves.rs": [
    1.8196055830001114,
    0.11254502700012381,
    0.10855147000006582,
    0.10412599599999339,
    0.10685780299991166,
    0.11150668599998426,
    0.10853546999987884,
    0.10986312199997883,
    0.10995572499996342,
    0.10859757200000786
  ],
  "prusti-tests/tests/verify/pass/quick/mut-borrows.rs": [
    3.576118594000036,
    0.18830222499991578,
    0.18632414699982291,
    0.18683936700017512,
    0.1869373709998854,
    0.18645835300003455,
    0.20082751900008589,
    0.19360473400001865,
    0.1819847760000357,
    0.1792067669998687
  ],
  "prusti-tests/tests/verify/pass/quick/shared-borrows.rs": [
    2.2740924709999035,
    0.10807236100004047,
    0.10738243400010106,
    0.11193051400005061,
    0.10820246599996608,
    0.10762674300008257,
    0.10806636099982825,
    0.10190571899988754,
    0.10300316199982262,
    0.10710602299991479
  ],
  "prusti-tests/tests/verify/pass/quick/trait-contracts-refinement.rs": [
    2.1518685519999963,
    0.17060952699989684,
    0.16086694399996304,
    0.16204169000002366,
    0.16439848300001358,
    0.16084204300000238,
    0.16223779799997828,
    0.17153436399985367,
    0.16510160999996515,
    0.17312782600015453
  ],
  "prusti-tests/tests/verify/pass/quick/routes.rs": [
    6.606412595999927,
    0.41171506099999533,
    0.41870163799990223,
    0.429935081000167,
    0.4212190359999113,
    0.414916686999959,
    0.4133504260000791,
    0.4166068549998272,
    0.41798180899991166,
    0.4210326290001376
  ],
  "prusti-tests/tests/verify/pass/quick/fibonacci.rs": [
    0.4499524709999605,
    0.45296268999982203,
    0.4567968420001307,
    0.45275678300004074,
    0.4352610910000294,
    0.4359884200000579,
    0.4601720609998665,
    0.44844919400020444,
    0.4536613989998841,
    0.4440330190000168
  ],
  "prusti-tests/tests/verify/pass/pure-fn/len-lookup.rs": [
    4.503694192000012,
    0.2607501869999851,
    0.25416132800000923,
    0.2523166549999587,
    0.23776578100000734,
    0.24832519699998556,
    0.24756146699996862,
    0.2439899260000402,
    0.24973275600018496,
    0.25099130800003877
  ],
  "prusti-tests/tests/verify/pass/pure-fn/quantifiers.rs": [
    2.7188418200000797,
    0.22249358299995947,
    0.2197575739999138,
    0.2158013180001035,
    0.21633143999997628,
    0.22172025200006829,
    0.2197532739999133,
    0.22401674200000343,
    0.22321311099995,
    0.2209002199999759
  ],
  "prusti-tests/tests/verify/pass/pure-fn/recursive-pure-fn.rs": [
    2.339310838999836,
    0.17146366800011492,
    0.17569603499987352,
    0.17257561199994598,
    0.17246881699998085,
    0.1743549930001791,
    0.1750161190000199,
    0.17028373200014357,
    0.16579735499999515,
    0.1659238600000208
  ],
  "prusti-tests/tests/verify/pass/pure-fn/ref-mut-arg.rs": [
    3.5319676320000326,
    0.21762940299981892,
    0.22531040700005178,
    0.2265637569998944,
    0.22885684800007766,
    0.22783280699991337,
    0.22693617200002336,
    0.22448277500006952,
    0.22209178000002794,
    0.2305272139999488
  ],
  "prusti-tests/tests/verify/pass/rosetta/Ackermann_function.rs": [
    2.353294786000106,
    0.26667212799998197,
    0.2748143500000424,
    0.2770878400001493,
    0.2755819799999699,
    0.27184053199994196,
    0.275394371999937,
    0.2645661450001171,
    0.2650263629998335,
    0.27300877800007584
  ],
  "prusti-tests/tests/verify/pass/rosetta/Heapsort.rs": [
    12.520405341000014,
    1.2306225900001664,
    1.2125619569999344,
    1.2215770129998873,
    1.229612230000157,
    1.2583347629999935,
    1.216838725999878,
    1.2434635919998982,
    1.2383124129999032,
    1.2246348730000136
  ]
}