{
  "prusti-tests/tests/verify/pass/rosetta/Knuth_shuffle.rs": [
    2.660722137999983,
    0.3680083240000158,
    0.3521636309999394,
    0.3508469060000152,
    0.35440497199999754,
    0.3502180939999562,
    0.35342735300002914,
    0.3484239609999804,
    0.35462077600004704,
    0.3529714449999801
  ],
  "prusti-tests/tests/verify/pass/demos/account.rs": [
    2.1564377330000752,
    0.1319013239999549,
    0.13010569100003977,
    0.12987308699996447,
    0.12900407100005395,
    0.1299211870000363,
    0.13018659299996216,
    0.13186672399990584,
    0.12867306499992992,
    0.12913267299995823
  ],
  "prusti-tests/tests/verify/pass/rosetta/Knights_tour.rs": [
    92.70627948699996,
    2.547153369000057,
    2.543263324999998,
    2.552550996999912,
    2.553674882999985,
    2.550673034000056,
    2.5664596260000963,
    2.5492525089999845,
    2.5485720570000012,
    2.550039290999962
  ],
  "prusti-tests/tests/verify/pass/quick/fold-unfold.rs": [
    1.2744199339999795,
    0.10082806999992044,
    0.10166328600007546,
    0.10142618099996525,
    0.10151598199990985,
    0.10076126900003146,
    0.10054706500000066,
    0.102417800000012,
    0.10303191099990272,
    0.10304151000002548
  ],
  "prusti-tests/tests/verify/pass/quick/moves.rs": [
    1.4870245810000142,
    0.09841032600002109,
    0.09794831700003215,
    0.0984410260000459,
    0.09631438700000672,
    0.09706870099989828,
    0.09855112899992946,
    0.09653559100001985,
    0.09795081699996899,
    0.0955231720000711
  ],
  "prusti-tests/tests/verify/pass/quick/mut-borrows.rs": [
    3.000842265000074,
    0.16243151300000136,
    0.16426804699995046,
    0.16300412399994002,
    0.16286872099999528,
    0.16436774900000728,
    0.16396364100000937,
    0.16343903200004206,
    0.16061667999997553,
    0.1610028869999951
  ],
  "prusti-tests/tests/verify/pass/quick/shared-borrows.rs": [
    1.8151912720001064,
    0.0931876289999991,
    0.09672209300003942,
    0.09405314399998588,
    0.09295852399998239,
    0.09368423700004769,
    0.09593867900002806,
    0.09302052500004265,
    0.09535516799996913,
    0.09564467300003798
  ],
  "prusti-tests/tests/verify/pass/quick/trait-contracts-refinement.rs": [
    1.740565972000013,
    0.13853926900003444,
    0.1391960810000228,
    0.14007169700005306,
    0.13834776500004864,
    0.13873467200005507,
    0.14218313599997146,
    0.1405840069999158,
    0.1401814989999366,
    0.13964428899998893
  ],
  "prusti-tests/tests/verify/pass/quick/routes.rs": [
    5.314970667000011,
    0.34723204600004465,
    0.34668703500005904,
    0.3470464419999644,
    0.3488694760000044,
    0.3491578819999859,
    0.3469852409999703,
    0.34701064199998655,
    0.34758185199996205,
    0.34756615200001306
  ],
  "prusti-tests/tests/verify/pass/quick/fibonacci.rs": [
    0.37353013400002055,
    0.37201780600003076,
    0.37027657399994496,
    0.3812824780000028,
    0.37152359599997453,
    0.370857284000067,
    0.37129019199994673,
    0.37706229899993104,
    0.37154179700007717,
    0.3720543069999849
  ],
  "prusti-tests/tests/verify/pass/pure-fn/len-lookup.rs": [
    3.638005397000029,
    0.21827455599998302,
    0.21610801500003163,
    0.21764844400001948,
    0.2159499119999282,
    0.21991788599996198,
    0.2184316589999753,
    0.21643212199990103,
    0.21588471200004733,
    0.21801335099996777
  ],
  "prusti-tests/tests/verify/pass/pure-fn/quantifiers.rs": [
    2.2280820009999616,
    0.20201525400000264,
    0.19811068100000284,
    0.1920336690000113,
    0.19127785499995298,
    0.1955941349999648,
    0.19122775400001046,
    0.19179726400000163,
    0.19346359500002563,
    0.1912883549999833
  ],
  "prusti-tests/tests/verify/pass/pure-fn/recursive-pure-fn.rs": [
    1.9287409400000115,
    0.15344505099994876,
    0.15182082100000116,
    0.15387916000008772,
    0.15224212900000111,
    0.15206082500003504,
    0.1509037039999157,
    0.15127091099998324,
    0.150190791,
    0.15117030900000827
  ],
  "prusti-tests/tests/verify/pass/pure-fn/ref-mut-arg.rs": [
    2.905331087000036,
    0.19434061200001906,
    0.19392180399995596,
    0.1934972960000323,
    0.1927140819999522,
    0.19405330699999013,
    0.19293028599997797,
    0.19713366400003451,
    0.19345179599997664,
    0.19443861399997786
  ],
  "prusti-tests/tests/verify/pass/rosetta/Ackermann_function.rs": [
    1.9381015220000108,
    0.23401744900002086,
    0.23394344800010458,
    0.2338789469999938,
    0.23256072200001654,
    0.23343273799991948,
    0.23314033299993753,
    0.23380544500002998,
    0.23478016299998217,
    0.23220471599995562
  ],
  "prusti-tests/tests/verify/pass/rosetta/Heapsort.rs": [
    10.22415059499997,
    1.066780028999915,
    1.0597829030000412,
    1.0602944129999514,
    1.0570415520001006,
    1.0578316669999595,
    1.0589889889999995,
    1.0598319040000206,
    1.0578866659999449,
    1.0611226979999628
  ]
}